/*
SQLyog 企业版 - MySQL GUI v8.14 
MySQL - 5.7.11 : Database - fhadmin
*********************************************************************
*/

/*!40101 SET NAMES utf8 */;

/*!40101 SET SQL_MODE=''*/;

/*!40014 SET @OLD_UNIQUE_CHECKS=@@UNIQUE_CHECKS, UNIQUE_CHECKS=0 */;
/*!40014 SET @OLD_FOREIGN_KEY_CHECKS=@@FOREIGN_KEY_CHECKS, FOREIGN_KEY_CHECKS=0 */;
/*!40101 SET @OLD_SQL_MODE=@@SQL_MODE, SQL_MODE='NO_AUTO_VALUE_ON_ZERO' */;
/*!40111 SET @OLD_SQL_NOTES=@@SQL_NOTES, SQL_NOTES=0 */;
CREATE DATABASE /*!32312 IF NOT EXISTS*/`fhadmin` /*!40100 DEFAULT CHARACTER SET utf8 */;

USE `fhadmin`;

/*Table structure for table `db_fhdb` */

DROP TABLE IF EXISTS `db_fhdb`;

CREATE TABLE `db_fhdb` (
  `FHDB_ID` varchar(100) NOT NULL,
  `USERNAME` varchar(50) DEFAULT NULL COMMENT '操作用户',
  `BACKUP_TIME` varchar(32) DEFAULT NULL COMMENT '备份时间',
  `TABLENAME` varchar(50) DEFAULT NULL COMMENT '表名',
  `SQLPATH` varchar(300) DEFAULT NULL COMMENT '存储位置',
  `TYPE` int(1) NOT NULL COMMENT '类型',
  `DBSIZE` varchar(10) DEFAULT NULL COMMENT '文件大小',
  `BZ` varchar(255) DEFAULT NULL COMMENT '备注',
  PRIMARY KEY (`FHDB_ID`)
) ENGINE=InnoDB DEFAULT CHARSET=utf8;

/*Data for the table `db_fhdb` */

insert  into `db_fhdb`(`FHDB_ID`,`USERNAME`,`BACKUP_TIME`,`TABLENAME`,`SQLPATH`,`TYPE`,`DBSIZE`,`BZ`) values ('0008bcef53ec49ae936366fd0a8959cb','admin','2017-03-18 09:47:27','tb_pictures','/Users/Shen/Documents/20170318/tb_pictures_20170318094727.sql',2,'2.175','admin备份单表'),('00f852bfeaa5460e89cbad1f3f07334c','admin','2017-03-15 15:34:46','sys_role','/Users/Shen/Documents/20170315/sys_role_20170315153446.sql',2,'3.524','admin备份单表'),('00ff9e6dedac4441a7ce7bc7ee98cf4d','系统','2017-03-19 16:28:55','sys_app_user','/Users/Shen/Documents/20170319/sys_app_user_20170319162855.sql',2,'2.893','定时备份操作'),('0125f222aff14440890feb07b66a0cef','admin','2017-03-18 23:40:31','sys_loginimg','/Users/Shen/Documents/20170318/sys_loginimg_20170318234031.sql',2,'2.045','admin备份单表'),('018f42ab30804149b5afa428a1e94934','系统','2017-03-19 16:30:19','sys_app_user','/Users/Shen/Documents/20170319/sys_app_user_20170319163019.sql',2,'2.893','定时备份操作'),('0237b3207c124f5fb96447a44f7fe4f0','系统','2017-03-19 16:29:55','sys_app_user','/Users/Shen/Documents/20170319/sys_app_user_20170319162955.sql',2,'2.893','定时备份操作'),('02d69f5bd7b94f0b8ef037aa05b39ac7','系统','2017-03-19 16:29:21','sys_app_user','/Users/Shen/Documents/20170319/sys_app_user_20170319162921.sql',2,'2.893','定时备份操作'),('03ac2c416a4c4938b72b12631e614727','系统','2017-03-19 16:26:21','sys_app_user','/Users/Shen/Documents/20170319/sys_app_user_20170319162621.sql',2,'2.893','定时备份操作'),('040aa0cc2eab400784a7f05914baa6df','系统','2017-03-19 16:31:21','sys_app_user','/Users/Shen/Documents/20170319/sys_app_user_20170319163121.sql',2,'2.893','定时备份操作'),('04c25f356ac84703bc5df4d3c04f49d8','系统','2017-03-19 16:27:11','sys_app_user','/Users/Shen/Documents/20170319/sys_app_user_20170319162711.sql',2,'2.893','定时备份操作'),('04d1aafb9cdd4d50871be19e6b439659','系统','2017-03-19 16:30:31','sys_app_user','/Users/Shen/Documents/20170319/sys_app_user_20170319163031.sql',2,'2.893','定时备份操作'),('04dcbb5f566b4fccafa464950de87937','admin','2017-03-12 21:19:20','sys_role','/Users/Shen/Documents/20170312/sys_role_20170312211920.sql',2,'3.348','admin备份单表'),('061a8fed03824b2297ad6a21d0db75d8','系统','2017-03-19 16:24:49','sys_app_user','/Users/Shen/Documents/20170319/sys_app_user_20170319162449.sql',2,'2.893','定时备份操作'),('064a396ac1d34e46969e2f7b08797c98','系统','2017-03-19 16:28:37','sys_app_user','/Users/Shen/Documents/20170319/sys_app_user_20170319162837.sql',2,'2.893','定时备份操作'),('08619060fff84cb990838b03a53cc562','系统','2017-03-19 16:30:57','sys_app_user','/Users/Shen/Documents/20170319/sys_app_user_20170319163057.sql',2,'2.893','定时备份操作'),('0974f2eba874445bade7a3321f5c1bbe','系统','2017-03-23 23:32:09','sys_app_user','/Users/Shen/Documents/20170323/sys_app_user_20170323233209.sql',2,'2.438','定时备份操作'),('09d4f33c115c474eab1fe34230df8241','admin','2017-03-12 21:19:20','tb_attachedmx','/Users/Shen/Documents/20170312/tb_attachedmx_20170312211920.sql',2,'2.365','admin备份单表'),('0a0332c9997449d186a683ecc56e8428','系统','2017-03-19 16:25:43','sys_app_user','/Users/Shen/Documents/20170319/sys_app_user_20170319162543.sql',2,'2.893','定时备份操作'),('0c5da63d89044dbd9630bd111e181fbc','admin','2017-03-15 15:34:46','weixin_imgmsg','/Users/Shen/Documents/20170315/weixin_imgmsg_20170315153446.sql',2,'4.379','admin备份单表'),('0c690b61c3fc44acb8ae45b03ae9693c','admin','2017-03-12 21:19:20','db_fhdb','/Users/Shen/Documents/20170312/db_fhdb_20170312211919.sql',2,'2.202','admin备份单表'),('0c8db62abe104f91bd09e2dfe5e99c1f','admin','2017-03-15 15:34:46','tb_pictures','/Users/Shen/Documents/20170315/tb_pictures_20170315153446.sql',2,'2.175','admin备份单表'),('0ce39bd508094d5ba367f64e49c0f758','admin','2017-03-18 23:40:31','WMS_INVENTORYLOCATION','/Users/Shen/Documents/20170318/WMS_INVENTORYLOCATION_20170318234031.sql',2,'2.523','admin备份单表'),('0d127b77a1474c01832de9d843ac8fc6','admin','2017-03-18 09:47:27','tb_attached','/Users/Shen/Documents/20170318/tb_attached_20170318094727.sql',2,'2.249','admin备份单表'),('0d20699625f54008812f385b49e2b2c7','系统','2017-03-19 16:30:43','sys_app_user','/Users/Shen/Documents/20170319/sys_app_user_20170319163043.sql',2,'2.893','定时备份操作'),('0d8f65e14b744ae89b601fa3c37a9015','系统','2017-03-19 16:25:25','sys_app_user','/Users/Shen/Documents/20170319/sys_app_user_20170319162525.sql',2,'2.893','定时备份操作'),('113803d734d44530989919c2cf633d33','系统','2017-03-19 16:26:51','sys_app_user','/Users/Shen/Documents/20170319/sys_app_user_20170319162651.sql',2,'2.893','定时备份操作'),('11b660cb92a9467d992ddc76ccb228cd','系统','2017-03-19 16:25:59','sys_app_user','/Users/Shen/Documents/20170319/sys_app_user_20170319162559.sql',2,'2.893','定时备份操作'),('12a26595ad37424080ff6d0101019d1b','系统','2017-03-23 23:30:35','sys_app_user','/Users/Shen/Documents/20170323/sys_app_user_20170323233035.sql',2,'2.438','定时备份操作'),('13164e5d78d84eb882ce1176221921dd','admin','2017-03-15 15:34:45','sys_fhbutton','/Users/Shen/Documents/20170315/sys_fhbutton_20170315153445.sql',2,'2.622','admin备份单表'),('13961baf8bd7428a8bf6b327d1011297','系统','2017-03-19 16:28:57','sys_app_user','/Users/Shen/Documents/20170319/sys_app_user_20170319162857.sql',2,'2.893','定时备份操作'),('13ea4a0359614cfbbf75476c471658be','系统','2017-03-19 16:24:39','sys_app_user','/Users/Shen/Documents/20170319/sys_app_user_20170319162439.sql',2,'2.893','定时备份操作'),('143b4e50bbfc42f5a4eba535c0df3464','系统','2017-03-23 23:31:57','sys_app_user','/Users/Shen/Documents/20170323/sys_app_user_20170323233157.sql',2,'2.438','定时备份操作'),('14d3765fb811413db8c80d0a0345ffed','系统','2017-03-19 16:29:01','sys_app_user','/Users/Shen/Documents/20170319/sys_app_user_20170319162901.sql',2,'2.893','定时备份操作'),('153e241632494897b9ba6be9605b59f2','系统','2017-03-19 16:30:11','sys_app_user','/Users/Shen/Documents/20170319/sys_app_user_20170319163011.sql',2,'2.893','定时备份操作'),('163a0a39d3d94e4b830187ec30b8c110','admin','2017-03-13 00:08:33','WMS_INVENTORYLOCATION','/Users/Shen/Documents/20170313/WMS_INVENTORYLOCATION_20170313000833.sql',2,'2.447','admin备份单表'),('17802a84e3864571bd89eb30c1e1e784','系统','2017-03-19 16:27:33','sys_app_user','/Users/Shen/Documents/20170319/sys_app_user_20170319162733.sql',2,'2.893','定时备份操作'),('1a679787048048429296591d90cab03e','admin','2017-03-23 23:30:41','tb_pictures','/Users/Shen/Documents/20170323/tb_pictures_20170323233040.sql',2,'2.175','admin备份单表'),('1ad4afa4bbaf4c4da6d6f2753954f4b1','系统','2017-03-19 16:28:39','sys_app_user','/Users/Shen/Documents/20170319/sys_app_user_20170319162839.sql',2,'2.893','定时备份操作'),('1b381d8235284a91ac2293743ef088ca','系统','2017-03-19 16:30:37','sys_app_user','/Users/Shen/Documents/20170319/sys_app_user_20170319163037.sql',2,'2.893','定时备份操作'),('1b4d062360dc42a1ac67f34ef4833a89','admin','2017-03-13 00:08:33','oa_datajur','/Users/Shen/Documents/20170313/oa_datajur_20170313000833.sql',2,'2.607','admin备份单表'),('1c5661a0131b4217ae470a7d10c92c56','admin','2017-03-18 23:40:31','sys_fhsms','/Users/Shen/Documents/20170318/sys_fhsms_20170318234031.sql',2,'3.506','admin备份单表'),('1d301ea6c5f145e9a1c19cb313403a5c','系统','2017-03-19 16:27:03','sys_app_user','/Users/Shen/Documents/20170319/sys_app_user_20170319162703.sql',2,'2.893','定时备份操作'),('1d40e5a106a24300b7a09bf596257e1d','admin','2017-03-18 09:47:26','db_timingbackup','/Users/Shen/Documents/20170318/db_timingbackup_20170318094725.sql',2,'2.669','admin备份单表'),('1e44d61ba8ff48db87cce718e9b87bff','系统','2017-03-19 16:30:47','sys_app_user','/Users/Shen/Documents/20170319/sys_app_user_20170319163047.sql',2,'2.893','定时备份操作'),('1f357ffd7c96449d9faa7bb30209dfc5','系统','2017-03-19 16:26:41','sys_app_user','/Users/Shen/Documents/20170319/sys_app_user_20170319162641.sql',2,'2.893','定时备份操作'),('1f9cedd575d345879c3819f9acd03817','admin','2017-03-12 21:19:20','sys_dictionaries','/Users/Shen/Documents/20170312/sys_dictionaries_20170312211920.sql',2,'3.687','admin备份单表'),('2094042a3e394990aa9859d8746fceeb','系统','2017-03-19 16:26:49','sys_app_user','/Users/Shen/Documents/20170319/sys_app_user_20170319162649.sql',2,'2.893','定时备份操作'),('20b7c03e60484a52bebbde5706621d3e','系统','2017-03-19 16:25:39','sys_app_user','/Users/Shen/Documents/20170319/sys_app_user_20170319162539.sql',2,'2.893','定时备份操作'),('217d1d378d174c4f9c7299bf68d48d1d','系统','2017-03-19 16:31:17','sys_app_user','/Users/Shen/Documents/20170319/sys_app_user_20170319163117.sql',2,'2.893','定时备份操作'),('226a7a39e4884c1c92948ea05eaf5fe9','admin','2017-03-23 23:30:39','sys_app_user','/Users/Shen/Documents/20170323/sys_app_user_20170323233039.sql',2,'2.438','admin备份单表'),('236933133d4546bc9bbe5a21aafd5648','系统','2017-03-23 23:31:29','sys_app_user','/Users/Shen/Documents/20170323/sys_app_user_20170323233129.sql',2,'2.438','定时备份操作'),('239d23beb4324fd38472431743e8d9ae','系统','2017-03-23 23:31:51','sys_app_user','/Users/Shen/Documents/20170323/sys_app_user_20170323233151.sql',2,'2.438','定时备份操作'),('249f956153224c588816c6bf2af16d58','系统','2017-03-23 23:32:11','sys_app_user','/Users/Shen/Documents/20170323/sys_app_user_20170323233211.sql',2,'2.438','定时备份操作'),('24eff681ceef4b31bb05960493816d69','系统','2017-03-19 16:25:27','sys_app_user','/Users/Shen/Documents/20170319/sys_app_user_20170319162527.sql',2,'2.893','定时备份操作'),('24fa0a1a62774b7593859676ea9f677f','系统','2017-03-19 16:26:31','sys_app_user','/Users/Shen/Documents/20170319/sys_app_user_20170319162631.sql',2,'2.893','定时备份操作'),('25145986f66540c7ba824392b88992e5','系统','2017-03-23 23:30:49','sys_app_user','/Users/Shen/Documents/20170323/sys_app_user_20170323233049.sql',2,'2.438','定时备份操作'),('2548b1a6f300442ab586553fb747b299','系统','2017-03-19 16:29:53','sys_app_user','/Users/Shen/Documents/20170319/sys_app_user_20170319162953.sql',2,'2.893','定时备份操作'),('255eafc234c541a3933a79034cb32557','admin','2017-03-12 21:19:20','oa_datajur','/Users/Shen/Documents/20170312/oa_datajur_20170312211919.sql',2,'2.607','admin备份单表'),('262c69fcc00d4d6a85953700167de023','系统','2017-03-23 23:31:19','sys_app_user','/Users/Shen/Documents/20170323/sys_app_user_20170323233119.sql',2,'2.438','定时备份操作'),('26362f7fba4f4a7f8f646d8c9c82e873','系统','2017-03-19 16:25:35','sys_app_user','/Users/Shen/Documents/20170319/sys_app_user_20170319162535.sql',2,'2.893','定时备份操作'),('27167fd1e7e14105bfab19cae6928863','系统','2017-03-23 23:32:05','sys_app_user','/Users/Shen/Documents/20170323/sys_app_user_20170323233205.sql',2,'2.438','定时备份操作'),('2849f2a9fbae427c8e7cdb41fa1e4d41','系统','2017-03-19 16:29:19','sys_app_user','/Users/Shen/Documents/20170319/sys_app_user_20170319162919.sql',2,'2.893','定时备份操作'),('28a13073ee1147a9b413d7dab9896514','系统','2017-03-19 16:29:51','sys_app_user','/Users/Shen/Documents/20170319/sys_app_user_20170319162951.sql',2,'2.893','定时备份操作'),('28ac77e08fc4468b8fc1ab5a16c388bf','系统','2017-03-19 16:29:17','sys_app_user','/Users/Shen/Documents/20170319/sys_app_user_20170319162917.sql',2,'2.893','定时备份操作'),('292956573b6b4cd38198df4c229a02bb','系统','2017-03-19 16:31:13','sys_app_user','/Users/Shen/Documents/20170319/sys_app_user_20170319163113.sql',2,'2.893','定时备份操作'),('29bad97752f04d679b1701920275ba9d','admin','2017-03-18 09:47:26','oa_staff','/Users/Shen/Documents/20170318/oa_staff_20170318094726.sql',2,'4.219','admin备份单表'),('2a2b8d6e5a184eb0abd922ce5cf1ea26','admin','2017-03-13 00:08:34','sys_loginimg','/Users/Shen/Documents/20170313/sys_loginimg_20170313000834.sql',2,'2.045','admin备份单表'),('2a3b1d5147c34d84bdc7d37612471d97','系统','2017-03-23 23:31:15','sys_app_user','/Users/Shen/Documents/20170323/sys_app_user_20170323233115.sql',2,'2.438','定时备份操作'),('2a51ac982ed04b4e98fb88569fa6c9d3','系统','2017-03-19 16:26:03','sys_app_user','/Users/Shen/Documents/20170319/sys_app_user_20170319162603.sql',2,'2.893','定时备份操作'),('2a85a8ad48cc4f83a7d0dcda2eb6b663','系统','2017-03-19 16:29:57','sys_app_user','/Users/Shen/Documents/20170319/sys_app_user_20170319162957.sql',2,'2.893','定时备份操作'),('2ae58ea139c949589810a32e9e8d71c8','系统','2017-03-19 16:26:07','sys_app_user','/Users/Shen/Documents/20170319/sys_app_user_20170319162607.sql',2,'2.893','定时备份操作'),('2af07f37a9b24cfe8fbd73a3ae6c124f','系统','2017-03-19 16:31:11','sys_app_user','/Users/Shen/Documents/20170319/sys_app_user_20170319163111.sql',2,'2.893','定时备份操作'),('2c85bcf5993d4111bb3cfb49b9eb6a63','系统','2017-03-19 16:25:15','sys_app_user','/Users/Shen/Documents/20170319/sys_app_user_20170319162515.sql',2,'2.893','定时备份操作'),('2d2979be3a0e44b28ed7c83910d1b9dc','系统','2017-03-19 16:24:53','sys_app_user','/Users/Shen/Documents/20170319/sys_app_user_20170319162453.sql',2,'2.893','定时备份操作'),('2d6626d1bc7842088e923dedd5a5d671','系统','2017-03-19 16:25:37','sys_app_user','/Users/Shen/Documents/20170319/sys_app_user_20170319162537.sql',2,'2.893','定时备份操作'),('2d67b48060ba458ba3f91228cb514f39','系统','2017-03-23 23:30:31','sys_app_user','/Users/Shen/Documents/20170323/sys_app_user_20170323233031.sql',2,'2.438','定时备份操作'),('2dc458ae00b3417e981a39d20ead3091','系统','2017-03-19 16:28:15','sys_app_user','/Users/Shen/Documents/20170319/sys_app_user_20170319162815.sql',2,'2.893','定时备份操作'),('2e4320eb2d904fe197b26ec993382ff2','系统','2017-03-23 23:31:07','sys_app_user','/Users/Shen/Documents/20170323/sys_app_user_20170323233107.sql',2,'2.438','定时备份操作'),('2e8b6c1b898541dfb521c1906a2dea20','系统','2017-03-19 16:30:09','sys_app_user','/Users/Shen/Documents/20170319/sys_app_user_20170319163009.sql',2,'2.893','定时备份操作'),('2fb1e69f3850419faab462f50f1d042a','系统','2017-03-19 16:30:59','sys_app_user','/Users/Shen/Documents/20170319/sys_app_user_20170319163059.sql',2,'2.893','定时备份操作'),('2fb3943f8c674cc293f78ecce57ffbae','系统','2017-03-19 16:30:53','sys_app_user','/Users/Shen/Documents/20170319/sys_app_user_20170319163053.sql',2,'2.893','定时备份操作'),('2fdd063044014161a37759a9623f7122','系统','2017-03-23 23:30:41','sys_app_user','/Users/Shen/Documents/20170323/sys_app_user_20170323233041.sql',2,'2.438','定时备份操作'),('2fe1ff9f57774565b4c6ce7abf07c49f','系统','2017-03-19 16:28:07','sys_app_user','/Users/Shen/Documents/20170319/sys_app_user_20170319162807.sql',2,'2.893','定时备份操作'),('3084b3b92b2749769d8c1ff19ed2dcc0','系统','2017-03-19 16:26:19','sys_app_user','/Users/Shen/Documents/20170319/sys_app_user_20170319162619.sql',2,'2.893','定时备份操作'),('3243cdf3b50c46ae908f6e3161f07103','系统','2017-03-23 23:30:59','sys_app_user','/Users/Shen/Documents/20170323/sys_app_user_20170323233059.sql',2,'2.438','定时备份操作'),('326c68b587c24adc82c89a40790cba43','系统','2017-03-19 16:24:59','sys_app_user','/Users/Shen/Documents/20170319/sys_app_user_20170319162459.sql',2,'2.893','定时备份操作'),('32a62fe434d34608973db815d5d935a2','admin','2017-03-23 23:30:40','sys_user','/Users/Shen/Documents/20170323/sys_user_20170323233040.sql',2,'3.478','admin备份单表'),('32b871d9eec940368a4e91473a64b10e','系统','2017-03-23 23:30:57','sys_app_user','/Users/Shen/Documents/20170323/sys_app_user_20170323233057.sql',2,'2.438','定时备份操作'),('32f4cc94dfd548e4afbdba0fd6ea0c1f','系统','2017-03-19 16:27:57','sys_app_user','/Users/Shen/Documents/20170319/sys_app_user_20170319162757.sql',2,'2.893','定时备份操作'),('33ef8d9e533941b392095d8175c7831d','系统','2017-03-23 23:31:53','sys_app_user','/Users/Shen/Documents/20170323/sys_app_user_20170323233153.sql',2,'2.438','定时备份操作'),('34a69c06ff474f13a47b785037672501','admin','2017-03-12 21:19:20','sys_fhlog','/Users/Shen/Documents/20170312/sys_fhlog_20170312211920.sql',2,'3.301','admin备份单表'),('351cdcc6838c4a72acb4b191b6b15863','admin','2017-03-12 21:19:21','weixin_textmsg','/Users/Shen/Documents/20170312/weixin_textmsg_20170312211921.sql',2,'2.401','admin备份单表'),('35611f34e5ee430aa84e15d1024a499b','系统','2017-03-19 16:30:55','sys_app_user','/Users/Shen/Documents/20170319/sys_app_user_20170319163055.sql',2,'2.893','定时备份操作'),('357dbec5a4be45f2bd51d6e27c73c521','系统','2017-03-19 16:28:35','sys_app_user','/Users/Shen/Documents/20170319/sys_app_user_20170319162835.sql',2,'2.893','定时备份操作'),('35b57098b3574f1e884b22b1d2c91dfd','系统','2017-03-19 16:26:47','sys_app_user','/Users/Shen/Documents/20170319/sys_app_user_20170319162647.sql',2,'2.893','定时备份操作'),('3613b2c5bea64a5f85f9c971365c25d4','系统','2017-03-19 16:26:39','sys_app_user','/Users/Shen/Documents/20170319/sys_app_user_20170319162639.sql',2,'2.893','定时备份操作'),('36e3c7981e3a41d7b359b6f72e5e7613','系统','2017-03-19 16:24:41','sys_app_user','/Users/Shen/Documents/20170319/sys_app_user_20170319162441.sql',2,'2.893','定时备份操作'),('371d3b02868e45b6a876550d16b0bb02','系统','2017-03-19 16:28:33','sys_app_user','/Users/Shen/Documents/20170319/sys_app_user_20170319162833.sql',2,'2.893','定时备份操作'),('374207130c3b43ae8fa651ecab4b1e50','admin','2017-03-12 21:19:21','weixin_imgmsg','/Users/Shen/Documents/20170312/weixin_imgmsg_20170312211920.sql',2,'4.379','admin备份单表'),('38c195b8320a4c4f888e4dbff006b9a1','系统','2017-03-19 16:25:47','sys_app_user','/Users/Shen/Documents/20170319/sys_app_user_20170319162547.sql',2,'2.893','定时备份操作'),('39cda42267b84d998f352d737b4cea80','系统','2017-03-19 16:24:43','sys_app_user','/Users/Shen/Documents/20170319/sys_app_user_20170319162443.sql',2,'2.893','定时备份操作'),('3a67931635ee475e9f1119f592417d52','系统','2017-03-19 16:29:43','sys_app_user','/Users/Shen/Documents/20170319/sys_app_user_20170319162943.sql',2,'2.893','定时备份操作'),('3b4c71eb0c0f47e9b70fdc338a36f2f3','admin','2017-03-18 23:40:32','sys_userphoto','/Users/Shen/Documents/20170318/sys_userphoto_20170318234032.sql',2,'2.136','admin备份单表'),('3b792321d8e748dc8154d6824d5d3d29','系统','2017-03-19 16:25:21','sys_app_user','/Users/Shen/Documents/20170319/sys_app_user_20170319162521.sql',2,'2.893','定时备份操作'),('3b7e8d3ebbb04a399dc131aacc673c6d','系统','2017-03-19 16:29:33','sys_app_user','/Users/Shen/Documents/20170319/sys_app_user_20170319162933.sql',2,'2.893','定时备份操作'),('3c3c5d1146fe44338147094a7ab47008','admin','2017-03-13 00:08:33','sys_createcode','/Users/Shen/Documents/20170313/sys_createcode_20170313000833.sql',2,'10.545','admin备份单表'),('3c3ec625343045c296b268c3c3225f89','系统','2017-03-19 16:31:07','sys_app_user','/Users/Shen/Documents/20170319/sys_app_user_20170319163107.sql',2,'2.893','定时备份操作'),('3d44e923323845898d1b3fb6ee9b15c8','系统','2017-03-19 16:30:41','sys_app_user','/Users/Shen/Documents/20170319/sys_app_user_20170319163041.sql',2,'2.893','定时备份操作'),('3da5749cf502474089108cff2752141b','系统','2017-03-19 16:27:49','sys_app_user','/Users/Shen/Documents/20170319/sys_app_user_20170319162749.sql',2,'2.893','定时备份操作'),('3dcec36879704c92af4e1f95e379ad4e','系统','2017-03-19 16:26:59','sys_app_user','/Users/Shen/Documents/20170319/sys_app_user_20170319162659.sql',2,'2.893','定时备份操作'),('3e7b00500442473284e8e47c282f9da1','系统','2017-03-19 16:29:13','sys_app_user','/Users/Shen/Documents/20170319/sys_app_user_20170319162913.sql',2,'2.893','定时备份操作'),('3ea967aa84a44c3d990f2c8412d4f646','系统','2017-03-19 16:24:47','sys_app_user','/Users/Shen/Documents/20170319/sys_app_user_20170319162447.sql',2,'2.893','定时备份操作'),('3ebe5cd3593946238900cc28cca79471','admin','2017-03-23 23:30:39','oa_fhfile','/Users/Shen/Documents/20170323/oa_fhfile_20170323233039.sql',2,'2.665','admin备份单表'),('3efd9f69b1df49aab689735bf72909a3','系统','2017-03-19 16:28:49','sys_app_user','/Users/Shen/Documents/20170319/sys_app_user_20170319162849.sql',2,'2.893','定时备份操作'),('3f079cc36c06455da07986ecca3ae4b7','系统','2017-03-19 16:26:15','sys_app_user','/Users/Shen/Documents/20170319/sys_app_user_20170319162615.sql',2,'2.893','定时备份操作'),('3f4d7601f8bf4dcabdb561067ee5d3d3','系统','2017-03-23 23:31:09','sys_app_user','/Users/Shen/Documents/20170323/sys_app_user_20170323233109.sql',2,'2.438','定时备份操作'),('3ff93dd9293f459e955496030e268499','系统','2017-03-19 16:27:31','sys_app_user','/Users/Shen/Documents/20170319/sys_app_user_20170319162731.sql',2,'2.893','定时备份操作'),('40e4c97982fa4eb1adb129c84a75dde9','admin','2017-03-13 00:08:34','tb_pictures','/Users/Shen/Documents/20170313/tb_pictures_20170313000834.sql',2,'2.175','admin备份单表'),('40e52da0ee5c4707bd1bc0a53ce7439a','admin','2017-03-23 23:30:40','sys_fhsms','/Users/Shen/Documents/20170323/sys_fhsms_20170323233040.sql',2,'3.506','admin备份单表'),('427b4560ba414bc590976b47cf2269d2','admin','2017-03-13 00:08:33','sys_fhbutton','/Users/Shen/Documents/20170313/sys_fhbutton_20170313000833.sql',2,'2.622','admin备份单表'),('42f1007730a54befa0678f24a9ab8197','系统','2017-03-19 16:31:01','sys_app_user','/Users/Shen/Documents/20170319/sys_app_user_20170319163101.sql',2,'2.893','定时备份操作'),('4334a8bad9ac4f209a8258de9feab5cb','admin','2017-03-18 09:47:27','tb_attachedmx','/Users/Shen/Documents/20170318/tb_attachedmx_20170318094727.sql',2,'2.365','admin备份单表'),('437b11b906e945fd878acd7700b98952','admin','2017-03-15 15:34:46','tb_attached','/Users/Shen/Documents/20170315/tb_attached_20170315153446.sql',2,'2.249','admin备份单表'),('449af7c6460847b7922f8478a85b9c02','系统','2017-03-19 16:31:15','sys_app_user','/Users/Shen/Documents/20170319/sys_app_user_20170319163115.sql',2,'2.893','定时备份操作'),('44f527482bf34747a8cea75cf6d886d5','系统','2017-03-19 16:31:27','sys_app_user','/Users/Shen/Documents/20170319/sys_app_user_20170319163127.sql',2,'2.893','定时备份操作'),('453a892db5fe48759019bb0b11c88256','admin','2017-03-15 15:34:45','oa_staff','/Users/Shen/Documents/20170315/oa_staff_20170315153445.sql',2,'4.219','admin备份单表'),('45a79e93429748c18dd099158908edac','admin','2017-03-23 23:30:39','db_timingbackup','/Users/Shen/Documents/20170323/db_timingbackup_20170323233039.sql',2,'2.669','admin备份单表'),('45e5178648fd4877b49133fa17a1485a','系统','2017-03-23 23:31:55','sys_app_user','/Users/Shen/Documents/20170323/sys_app_user_20170323233155.sql',2,'2.438','定时备份操作'),('46d33c9a45f8408095af5711438030cb','admin','2017-03-18 23:40:31','sys_app_user','/Users/Shen/Documents/20170318/sys_app_user_20170318234031.sql',2,'2.893','admin备份单表'),('473f2d62077d4cab936a3393ea88e984','admin','2017-03-18 09:47:26','sys_fhbutton','/Users/Shen/Documents/20170318/sys_fhbutton_20170318094726.sql',2,'2.622','admin备份单表'),('4882082e560748f5b7c316c17ee2bfa7','系统','2017-03-19 16:25:19','sys_app_user','/Users/Shen/Documents/20170319/sys_app_user_20170319162519.sql',2,'2.893','定时备份操作'),('48bfde9f2c8b465ca175f15e03011b78','系统','2017-03-19 16:25:23','sys_app_user','/Users/Shen/Documents/20170319/sys_app_user_20170319162523.sql',2,'2.893','定时备份操作'),('49b41db601b34b889b1abe1d6ded5860','系统','2017-03-19 16:25:29','sys_app_user','/Users/Shen/Documents/20170319/sys_app_user_20170319162529.sql',2,'2.893','定时备份操作'),('49b967ac623a49e8ac40d10ae694c924','系统','2017-03-19 16:28:29','sys_app_user','/Users/Shen/Documents/20170319/sys_app_user_20170319162829.sql',2,'2.893','定时备份操作'),('49c07899a4db4c7ebf6f5c684b3b1927','系统','2017-03-19 16:31:25','sys_app_user','/Users/Shen/Documents/20170319/sys_app_user_20170319163125.sql',2,'2.893','定时备份操作'),('4ac6acfa9199437fb30ed8740a59d3f1','系统','2017-03-19 16:28:17','sys_app_user','/Users/Shen/Documents/20170319/sys_app_user_20170319162817.sql',2,'2.893','定时备份操作'),('4afa0d839acf4a0a9d23f98ac7b0122e','系统','2017-03-19 16:25:41','sys_app_user','/Users/Shen/Documents/20170319/sys_app_user_20170319162541.sql',2,'2.893','定时备份操作'),('4afecda23d5641ebbe1db9f7fbf8a3db','admin','2017-03-12 21:19:20','sys_app_user','/Users/Shen/Documents/20170312/sys_app_user_20170312211920.sql',2,'2.893','admin备份单表'),('4cf32372e30744e19d61516e48f0d29d','admin','2017-03-23 23:30:40','sys_role','/Users/Shen/Documents/20170323/sys_role_20170323233040.sql',2,'3.426','admin备份单表'),('4d709a3dc39f4496b9ca09f9812f65f4','系统','2017-03-19 16:29:07','sys_app_user','/Users/Shen/Documents/20170319/sys_app_user_20170319162907.sql',2,'2.893','定时备份操作'),('4dfc2ae6789f49999d49486321e6a0a7','系统','2017-03-19 16:24:51','sys_app_user','/Users/Shen/Documents/20170319/sys_app_user_20170319162451.sql',2,'2.893','定时备份操作'),('4fc52abb3e524bc08233b8f6579718fd','admin','2017-03-18 09:47:27','sys_menu','/Users/Shen/Documents/20170318/sys_menu_20170318094726.sql',2,'7.054','admin备份单表'),('503489df27334cdeaa9759878dde1a4d','系统','2017-03-19 16:25:49','sys_app_user','/Users/Shen/Documents/20170319/sys_app_user_20170319162549.sql',2,'2.893','定时备份操作'),('50d27a78745c45ea9dfc15fb56c06a38','admin','2017-03-15 15:34:45','db_fhdb','/Users/Shen/Documents/20170315/db_fhdb_20170315153445.sql',2,'11.047','admin备份单表'),('50f082abb80949e1a6b481d80f9a78ef','系统','2017-03-19 16:30:29','sys_app_user','/Users/Shen/Documents/20170319/sys_app_user_20170319163029.sql',2,'2.893','定时备份操作'),('5205873636204c97a606f8653fd98f19','系统','2017-03-19 16:30:05','sys_app_user','/Users/Shen/Documents/20170319/sys_app_user_20170319163005.sql',2,'2.893','定时备份操作'),('521739b9913a4dc9b48f6118d10e31df','系统','2017-03-23 23:31:39','sys_app_user','/Users/Shen/Documents/20170323/sys_app_user_20170323233139.sql',2,'2.438','定时备份操作'),('522db863a0814641bdeb9981eebf4e83','系统','2017-03-19 16:27:21','sys_app_user','/Users/Shen/Documents/20170319/sys_app_user_20170319162721.sql',2,'2.893','定时备份操作'),('524277ad0377442da5395d0002f554d2','系统','2017-03-23 23:31:17','sys_app_user','/Users/Shen/Documents/20170323/sys_app_user_20170323233117.sql',2,'2.438','定时备份操作'),('5267f57812504582b3abe369305069ad','系统','2017-03-19 16:28:01','sys_app_user','/Users/Shen/Documents/20170319/sys_app_user_20170319162801.sql',2,'2.893','定时备份操作'),('5440dbdc550c404cba8c6d4344670d9c','admin','2017-03-23 23:30:40','sys_role_fhbutton','/Users/Shen/Documents/20170323/sys_role_fhbutton_20170323233040.sql',2,'3.779','admin备份单表'),('54b68af07b6b4682b1bd5cc5cabc49b6','系统','2017-03-19 16:30:49','sys_app_user','/Users/Shen/Documents/20170319/sys_app_user_20170319163049.sql',2,'2.893','定时备份操作'),('560a722af2284337972bb55e437912c0','系统','2017-03-19 16:27:01','sys_app_user','/Users/Shen/Documents/20170319/sys_app_user_20170319162701.sql',2,'2.893','定时备份操作'),('56aea90186b24380a73ae5a2bb2f3473','admin','2017-03-15 15:34:45','sys_createcode','/Users/Shen/Documents/20170315/sys_createcode_20170315153445.sql',2,'10.545','admin备份单表'),('56d015246e014f48bdc3cda6134269db','admin','2017-03-18 09:47:26','sys_createcode','/Users/Shen/Documents/20170318/sys_createcode_20170318094726.sql',2,'10.545','admin备份单表'),('575ab878563c46e39c86b89b56605907','admin','2017-03-18 09:47:26','db_fhdb','/Users/Shen/Documents/20170318/db_fhdb_20170318094725.sql',2,'15.469','admin备份单表'),('57dea299cc0d4ac5a600238d0c971539','系统','2017-03-23 23:31:23','sys_app_user','/Users/Shen/Documents/20170323/sys_app_user_20170323233123.sql',2,'2.438','定时备份操作'),('57f637df5f4f4dc9a4742a2277d767c0','系统','2017-03-23 23:30:51','sys_app_user','/Users/Shen/Documents/20170323/sys_app_user_20170323233051.sql',2,'2.438','定时备份操作'),('587e79cf95d74d73a0c1a3156d4b53fb','系统','2017-03-19 16:30:01','sys_app_user','/Users/Shen/Documents/20170319/sys_app_user_20170319163001.sql',2,'2.893','定时备份操作'),('5a83b48071b940398d1f8742ded00c70','系统','2017-03-19 16:30:07','sys_app_user','/Users/Shen/Documents/20170319/sys_app_user_20170319163007.sql',2,'2.893','定时备份操作'),('5b6ea3273e9c49ad96834f7bebd7e7de','系统','2017-03-19 16:26:33','sys_app_user','/Users/Shen/Documents/20170319/sys_app_user_20170319162633.sql',2,'2.893','定时备份操作'),('5cfb166746284f76a0c9eff30ec85241','系统','2017-03-19 16:28:23','sys_app_user','/Users/Shen/Documents/20170319/sys_app_user_20170319162823.sql',2,'2.893','定时备份操作'),('5d3b8e4f8811486a9e63a81263492ce8','admin','2017-03-13 00:08:34','weixin_textmsg','/Users/Shen/Documents/20170313/weixin_textmsg_20170313000834.sql',2,'2.401','admin备份单表'),('5d7cbe278a5e46a69acc2e6d31a73df7','系统','2017-03-19 16:26:45','sys_app_user','/Users/Shen/Documents/20170319/sys_app_user_20170319162645.sql',2,'2.893','定时备份操作'),('5dc9efde1634427a82adbd315c7234c2','系统','2017-03-23 23:31:13','sys_app_user','/Users/Shen/Documents/20170323/sys_app_user_20170323233113.sql',2,'2.438','定时备份操作'),('5e3f37c73cca452993f46b179ca937c3','系统','2017-03-19 16:29:35','sys_app_user','/Users/Shen/Documents/20170319/sys_app_user_20170319162935.sql',2,'2.893','定时备份操作'),('5e403f21c17349e5aaf8aed9c478666a','系统','2017-03-19 16:30:39','sys_app_user','/Users/Shen/Documents/20170319/sys_app_user_20170319163039.sql',2,'2.893','定时备份操作'),('5ecabb63272245e3a23b77132a5fc80c','admin','2017-03-18 09:47:27','sys_fhlog','/Users/Shen/Documents/20170318/sys_fhlog_20170318094726.sql',2,'14.454','admin备份单表'),('5eecb882cbd14fa7a3c64084ba23c225','系统','2017-03-19 16:27:59','sys_app_user','/Users/Shen/Documents/20170319/sys_app_user_20170319162759.sql',2,'2.893','定时备份操作'),('5f39ec47e9a647e49898603e8d4fa10b','admin','2017-03-12 21:19:20','db_timingbackup','/Users/Shen/Documents/20170312/db_timingbackup_20170312211919.sql',2,'2.669','admin备份单表'),('5f889d3bfecf4357afde87b44d0629ad','系统','2017-03-19 16:27:37','sys_app_user','/Users/Shen/Documents/20170319/sys_app_user_20170319162737.sql',2,'2.893','定时备份操作'),('5fb3402e7a0643ef9dc685da30b2f29a','系统','2017-03-19 16:26:09','sys_app_user','/Users/Shen/Documents/20170319/sys_app_user_20170319162609.sql',2,'2.893','定时备份操作'),('60aa002454ff4afc8d7571e3991ad507','系统','2017-03-19 16:29:37','sys_app_user','/Users/Shen/Documents/20170319/sys_app_user_20170319162937.sql',2,'2.893','定时备份操作'),('61214024cdb04b7186183de2de200dfe','系统','2017-03-19 16:26:55','sys_app_user','/Users/Shen/Documents/20170319/sys_app_user_20170319162655.sql',2,'2.893','定时备份操作'),('61b357c887f449e5b9a73db8213253ce','系统','2017-03-19 16:30:51','sys_app_user','/Users/Shen/Documents/20170319/sys_app_user_20170319163051.sql',2,'2.893','定时备份操作'),('622ccd7bffd243cdb1c0311482c372a9','admin','2017-03-18 23:40:32','sys_user','/Users/Shen/Documents/20170318/sys_user_20170318234032.sql',2,'3.287','admin备份单表'),('623c5f1a43934d16aaf2862c167f2fc5','系统','2017-03-19 16:30:13','sys_app_user','/Users/Shen/Documents/20170319/sys_app_user_20170319163013.sql',2,'2.893','定时备份操作'),('630d2f54171547c88bd213f733f0a35e','系统','2017-03-19 16:27:15','sys_app_user','/Users/Shen/Documents/20170319/sys_app_user_20170319162715.sql',2,'2.893','定时备份操作'),('634792fccfe647bbabe3b3222e288eb0','admin','2017-03-15 15:34:45','sys_loginimg','/Users/Shen/Documents/20170315/sys_loginimg_20170315153445.sql',2,'2.045','admin备份单表'),('636b8130c08845b0a1b925b8a9736b2f','系统','2017-03-19 16:29:31','sys_app_user','/Users/Shen/Documents/20170319/sys_app_user_20170319162931.sql',2,'2.893','定时备份操作'),('638cc7c8a38741ac89c16d8b5571bc4a','admin','2017-03-15 15:34:45','sys_dictionaries','/Users/Shen/Documents/20170315/sys_dictionaries_20170315153445.sql',2,'3.687','admin备份单表'),('64167eeef94c440fae257105f96e4bec','系统','2017-03-19 16:26:29','sys_app_user','/Users/Shen/Documents/20170319/sys_app_user_20170319162629.sql',2,'2.893','定时备份操作'),('64455075156a43029e75a37baac3a249','系统','2017-03-19 16:30:33','sys_app_user','/Users/Shen/Documents/20170319/sys_app_user_20170319163033.sql',2,'2.893','定时备份操作'),('646118464fbd4cc581249582c70f4c64','系统','2017-03-19 16:30:27','sys_app_user','/Users/Shen/Documents/20170319/sys_app_user_20170319163027.sql',2,'2.893','定时备份操作'),('65a92113412b467292448136266e99ca','系统','2017-03-19 16:27:39','sys_app_user','/Users/Shen/Documents/20170319/sys_app_user_20170319162739.sql',2,'2.893','定时备份操作'),('665ef2879f7f4e6ab9e27248f8b4d70e','系统','2017-03-23 23:30:39','sys_app_user','/Users/Shen/Documents/20170323/sys_app_user_20170323233039.sql',2,'2.438','定时备份操作'),('6661877901354d2a9d9e5cc831e48097','系统','2017-03-23 23:31:03','sys_app_user','/Users/Shen/Documents/20170323/sys_app_user_20170323233103.sql',2,'2.438','定时备份操作'),('670559198c0d4a8e9d0533052230363b','系统','2017-03-19 16:27:45','sys_app_user','/Users/Shen/Documents/20170319/sys_app_user_20170319162745.sql',2,'2.893','定时备份操作'),('6780eb90838746f2a9e0b624ce1a46f7','系统','2017-03-19 16:26:53','sys_app_user','/Users/Shen/Documents/20170319/sys_app_user_20170319162653.sql',2,'2.893','定时备份操作'),('678788c3f161473c963877170f0e0e71','系统','2017-03-23 23:31:01','sys_app_user','/Users/Shen/Documents/20170323/sys_app_user_20170323233101.sql',2,'2.438','定时备份操作'),('67bb60524fcb474f8b61edc58ff7db23','系统','2017-03-19 16:29:25','sys_app_user','/Users/Shen/Documents/20170319/sys_app_user_20170319162925.sql',2,'2.893','定时备份操作'),('67d86e61db9f4badad5533eb0950fdf5','admin','2017-03-18 23:40:31','sys_fhlog','/Users/Shen/Documents/20170318/sys_fhlog_20170318234031.sql',2,'18.726','admin备份单表'),('68c80049070e486d8e7b16c3d6d8e331','系统','2017-03-19 16:31:19','sys_app_user','/Users/Shen/Documents/20170319/sys_app_user_20170319163119.sql',2,'2.893','定时备份操作'),('68fd276e2570446a9ec2036eb5957a56','系统','2017-03-23 23:32:01','sys_app_user','/Users/Shen/Documents/20170323/sys_app_user_20170323233201.sql',2,'2.438','定时备份操作'),('6905540e9ed8498e9b544021a8d6a3af','系统','2017-03-23 23:30:53','sys_app_user','/Users/Shen/Documents/20170323/sys_app_user_20170323233053.sql',2,'2.438','定时备份操作'),('695f2de4789f42c3be5d42fc97505da3','admin','2017-03-23 23:30:40','sys_loginimg','/Users/Shen/Documents/20170323/sys_loginimg_20170323233040.sql',2,'2.045','admin备份单表'),('6a3f1953fa7248faa57f323df54813d5','admin','2017-03-13 00:08:33','sys_app_user','/Users/Shen/Documents/20170313/sys_app_user_20170313000833.sql',2,'2.893','admin备份单表'),('6a57907988e249c59ac43957f2342d8d','系统','2017-03-19 16:28:03','sys_app_user','/Users/Shen/Documents/20170319/sys_app_user_20170319162803.sql',2,'2.893','定时备份操作'),('6a8483ec1a2549ddaddcff5c207675fb','系统','2017-03-23 23:31:35','sys_app_user','/Users/Shen/Documents/20170323/sys_app_user_20170323233135.sql',2,'2.438','定时备份操作'),('6d306f9393c14aa09aedaf6d3ac2d922','系统','2017-03-19 16:30:45','sys_app_user','/Users/Shen/Documents/20170319/sys_app_user_20170319163045.sql',2,'2.893','定时备份操作'),('6e45e452e6ca47c18627f1745b1eb4f8','admin','2017-03-12 21:19:20','sys_role_fhbutton','/Users/Shen/Documents/20170312/sys_role_fhbutton_20170312211920.sql',2,'4.159','admin备份单表'),('6f1c34ffa22f4f84a0bed0816d9b1586','admin','2017-03-18 09:47:26','oa_fhfile','/Users/Shen/Documents/20170318/oa_fhfile_20170318094725.sql',2,'2.665','admin备份单表'),('6f27fa00fe7244d58f4c5744f02dc176','系统','2017-03-19 16:30:23','sys_app_user','/Users/Shen/Documents/20170319/sys_app_user_20170319163023.sql',2,'2.893','定时备份操作'),('6fbfa7d1f8994955b3c6ae0d05270e46','admin','2017-03-18 09:47:26','WMS_INVENTORYLOCATION','/Users/Shen/Documents/20170318/WMS_INVENTORYLOCATION_20170318094725.sql',2,'2.523','admin备份单表'),('706e698e5ec1483c96e85ad25dc5c1dd','系统','2017-03-19 16:27:25','sys_app_user','/Users/Shen/Documents/20170319/sys_app_user_20170319162725.sql',2,'2.893','定时备份操作'),('715deb850a0648e6949e4d00c342d183','系统','2017-03-19 16:28:27','sys_app_user','/Users/Shen/Documents/20170319/sys_app_user_20170319162827.sql',2,'2.893','定时备份操作'),('71d829523f424dd0a1e59f896e367853','admin','2017-03-23 23:30:40','sys_menu','/Users/Shen/Documents/20170323/sys_menu_20170323233040.sql',2,'7.199','admin备份单表'),('72aa0f6efa3048468179abe3b26a0f7c','系统','2017-03-19 16:29:45','sys_app_user','/Users/Shen/Documents/20170319/sys_app_user_20170319162945.sql',2,'2.893','定时备份操作'),('745fcb77b09f47e2a8f1f1f4d17355d7','系统','2017-03-19 16:28:47','sys_app_user','/Users/Shen/Documents/20170319/sys_app_user_20170319162847.sql',2,'2.893','定时备份操作'),('74af82a23fda40ff8916a56dc1be2827','系统','2017-03-23 23:31:05','sys_app_user','/Users/Shen/Documents/20170323/sys_app_user_20170323233105.sql',2,'2.438','定时备份操作'),('74b962c8ebbe42b49a6f116ad1a50ee4','系统','2017-03-19 16:26:57','sys_app_user','/Users/Shen/Documents/20170319/sys_app_user_20170319162657.sql',2,'2.893','定时备份操作'),('74c34d9c7fa44441b88ebc5227e2644f','系统','2017-03-19 16:26:13','sys_app_user','/Users/Shen/Documents/20170319/sys_app_user_20170319162613.sql',2,'2.893','定时备份操作'),('74d2b3018a3d41119df8e15946304308','admin','2017-03-23 23:30:40','tb_attached','/Users/Shen/Documents/20170323/tb_attached_20170323233040.sql',2,'2.249','admin备份单表'),('74dd5048569f4ebb8a6514a02fe4b12a','系统','2017-03-23 23:31:45','sys_app_user','/Users/Shen/Documents/20170323/sys_app_user_20170323233145.sql',2,'2.438','定时备份操作'),('755dd91ee3784258ad09eb09998021a7','系统','2017-03-19 16:24:45','sys_app_user','/Users/Shen/Documents/20170319/sys_app_user_20170319162445.sql',2,'2.893','定时备份操作'),('759e30b9ff404017b40d199039e36b29','系统','2017-03-19 16:24:37','sys_app_user','/Users/Shen/Documents/20170319/sys_app_user_20170319162437.sql',2,'2.893','定时备份操作'),('762c94649e954d2894402cbdf1788005','系统','2017-03-19 16:27:27','sys_app_user','/Users/Shen/Documents/20170319/sys_app_user_20170319162727.sql',2,'2.893','定时备份操作'),('77a15ef9798b4cbfbdc71b9a9923c544','admin','2017-03-18 23:40:31','sys_menu','/Users/Shen/Documents/20170318/sys_menu_20170318234031.sql',2,'7.199','admin备份单表'),('77c102b35c9a4ba784b576f84f02452b','admin','2017-03-18 09:47:27','sys_role_fhbutton','/Users/Shen/Documents/20170318/sys_role_fhbutton_20170318094727.sql',2,'4.159','admin备份单表'),('789f3711615b4a349f751e765b70aecc','admin','2017-03-18 09:47:27','weixin_command','/Users/Shen/Documents/20170318/weixin_command_20170318094727.sql',2,'2.824','admin备份单表'),('7961fc2fbb7a4bd2a2cf3e3b73e937f9','admin','2017-03-12 21:19:20','sys_user','/Users/Shen/Documents/20170312/sys_user_20170312211920.sql',2,'5.099','admin备份单表'),('797af249bfb14fc8a12d09bbb1bf89d7','系统','2017-03-23 23:30:43','sys_app_user','/Users/Shen/Documents/20170323/sys_app_user_20170323233043.sql',2,'2.438','定时备份操作'),('7a0826202a904deea16b37ecd4732c4a','admin','2017-03-18 23:40:31','oa_staff','/Users/Shen/Documents/20170318/oa_staff_20170318234031.sql',2,'4.219','admin备份单表'),('7a18f3e1d3de41dc838db0fbee5faf20','系统','2017-03-23 23:32:03','sys_app_user','/Users/Shen/Documents/20170323/sys_app_user_20170323233203.sql',2,'2.438','定时备份操作'),('7aa09b9fd2d949a7aa5f813b4ccc6b79','系统','2017-03-19 16:27:07','sys_app_user','/Users/Shen/Documents/20170319/sys_app_user_20170319162707.sql',2,'2.893','定时备份操作'),('7b55c994cffb45ae9bb8e2087a802a55','admin','2017-03-12 21:19:20','tb_pictures','/Users/Shen/Documents/20170312/tb_pictures_20170312211920.sql',2,'2.175','admin备份单表'),('7b642ff539a042a89dc2c23efbc455bc','系统','2017-03-19 16:30:25','sys_app_user','/Users/Shen/Documents/20170319/sys_app_user_20170319163025.sql',2,'2.893','定时备份操作'),('7ba69ca1217246b68dbc169f7634fd73','admin','2017-03-12 21:19:20','oa_staff','/Users/Shen/Documents/20170312/oa_staff_20170312211919.sql',2,'4.219','admin备份单表'),('7c2bbbf46e5b42b9aafccbe7c1603bca','系统','2017-03-19 16:30:17','sys_app_user','/Users/Shen/Documents/20170319/sys_app_user_20170319163017.sql',2,'2.893','定时备份操作'),('7c9a03b838ec4b5eb048af3eb800432f','admin','2017-03-12 21:47:04','sys_menu','/Users/Shen/Documents/20170312/sys_menu_20170312214704.sql',2,'6.961','admin备份单表'),('7d378a4bd34747aea9edc287bcfb51cb','系统','2017-03-23 23:31:21','sys_app_user','/Users/Shen/Documents/20170323/sys_app_user_20170323233121.sql',2,'2.438','定时备份操作'),('7db9fe8bc777498ca5910dd7a29dc3f9','系统','2017-03-19 16:28:53','sys_app_user','/Users/Shen/Documents/20170319/sys_app_user_20170319162853.sql',2,'2.893','定时备份操作'),('7e028f7bf9e0420f8083aedd6143dff3','系统','2017-03-19 16:25:09','sys_app_user','/Users/Shen/Documents/20170319/sys_app_user_20170319162509.sql',2,'2.893','定时备份操作'),('7e254558aa3a4d8897a86f4fd2220513','admin','2017-03-18 23:40:32','weixin_command','/Users/Shen/Documents/20170318/weixin_command_20170318234032.sql',2,'2.824','admin备份单表'),('7e41fdebabdc484da6055078c596ba17','系统','2017-03-23 23:30:37','sys_app_user','/Users/Shen/Documents/20170323/sys_app_user_20170323233037.sql',2,'2.438','定时备份操作'),('7e5ef1f1a1ff40feb39e7fceb32f250c','系统','2017-03-19 16:28:19','sys_app_user','/Users/Shen/Documents/20170319/sys_app_user_20170319162819.sql',2,'2.893','定时备份操作'),('7e69775f1b8544b9a57cca14b0907adc','系统','2017-03-23 23:30:47','sys_app_user','/Users/Shen/Documents/20170323/sys_app_user_20170323233047.sql',2,'2.438','定时备份操作'),('7fd12251157e4b12a6e085ced8851873','admin','2017-03-23 23:30:39','WMS_INVENTORYLOCATION','/Users/Shen/Documents/20170323/WMS_INVENTORYLOCATION_20170323233039.sql',2,'2.523','admin备份单表'),('805684b0fe434315943d2ea5f022aaf9','admin','2017-03-12 21:19:20','sys_fhsms','/Users/Shen/Documents/20170312/sys_fhsms_20170312211920.sql',2,'3.506','admin备份单表'),('8195dc83df5f4b6d9d9ea4ee4c782bd4','admin','2017-03-13 00:08:33','oa_department','/Users/Shen/Documents/20170313/oa_department_20170313000833.sql',2,'3.551','admin备份单表'),('81d78a77b95b49478bc2f3232cab0f58','admin','2017-03-15 15:34:46','sys_user','/Users/Shen/Documents/20170315/sys_user_20170315153446.sql',2,'3.196','admin备份单表'),('838a313da03c41eaa08e64d380dc68ee','系统','2017-03-19 16:25:53','sys_app_user','/Users/Shen/Documents/20170319/sys_app_user_20170319162553.sql',2,'2.893','定时备份操作'),('8427c3d635d7403192ad41c9a8dcd7ca','admin','2017-03-15 15:34:46','tb_attachedmx','/Users/Shen/Documents/20170315/tb_attachedmx_20170315153446.sql',2,'2.365','admin备份单表'),('84688ebae9be4323a41933e038b58b92','系统','2017-03-19 16:27:09','sys_app_user','/Users/Shen/Documents/20170319/sys_app_user_20170319162709.sql',2,'2.893','定时备份操作'),('8581b9db4cd54ef0a6d6fc8bf98c3f38','admin','2017-03-13 00:08:34','tb_attached','/Users/Shen/Documents/20170313/tb_attached_20170313000834.sql',2,'2.249','admin备份单表'),('8583ea774ed94f34b02055240637e70a','系统','2017-03-19 16:24:57','sys_app_user','/Users/Shen/Documents/20170319/sys_app_user_20170319162457.sql',2,'2.893','定时备份操作'),('85c0cb009874417398b238e563be4e0a','系统','2017-03-19 16:29:27','sys_app_user','/Users/Shen/Documents/20170319/sys_app_user_20170319162927.sql',2,'2.893','定时备份操作'),('874235d53154455f87a232b8cbbaf0d7','admin','2017-03-18 23:40:31','sys_createcode','/Users/Shen/Documents/20170318/sys_createcode_20170318234031.sql',2,'13.291','admin备份单表'),('8753a21438ee485d8a467235772a18a6','admin','2017-03-13 00:08:33','db_timingbackup','/Users/Shen/Documents/20170313/db_timingbackup_20170313000833.sql',2,'2.669','admin备份单表'),('879d4311103f46bb9596ca62052e7f02','admin','2017-03-18 09:47:27','sys_fhsms','/Users/Shen/Documents/20170318/sys_fhsms_20170318094726.sql',2,'3.506','admin备份单表'),('88223d4034ff4157bb7c7649e29ce899','admin','2017-03-15 15:34:46','sys_role_fhbutton','/Users/Shen/Documents/20170315/sys_role_fhbutton_20170315153446.sql',2,'4.159','admin备份单表'),('885aed66fbf84829b68329382435f33b','系统','2017-03-19 16:25:07','sys_app_user','/Users/Shen/Documents/20170319/sys_app_user_20170319162507.sql',2,'2.893','定时备份操作'),('88ce19c6c9e140f28e9b89f8cc1cfd55','admin','2017-03-18 23:40:31','oa_datajur','/Users/Shen/Documents/20170318/oa_datajur_20170318234031.sql',2,'2.607','admin备份单表'),('88d43fcbd7e8497d9bd16a5507cf7ef9','admin','2017-03-12 21:19:20','sys_fhbutton','/Users/Shen/Documents/20170312/sys_fhbutton_20170312211920.sql',2,'2.622','admin备份单表'),('89ab6f27279748a2bd51b43187cd8f40','admin','2017-03-18 09:47:27','sys_userphoto','/Users/Shen/Documents/20170318/sys_userphoto_20170318094727.sql',2,'2.136','admin备份单表'),('89b3476c92da4789b9e8446b6c6103ca','系统','2017-03-19 16:24:55','sys_app_user','/Users/Shen/Documents/20170319/sys_app_user_20170319162455.sql',2,'2.893','定时备份操作'),('8aaca4f7ad9a45e4b9cc374acf49e4d3','admin','2017-03-12 21:19:20','tb_attached','/Users/Shen/Documents/20170312/tb_attached_20170312211920.sql',2,'2.249','admin备份单表'),('8b3cbe73f2c4437d9987ab54839e8339','系统','2017-03-19 16:27:23','sys_app_user','/Users/Shen/Documents/20170319/sys_app_user_20170319162723.sql',2,'2.893','定时备份操作'),('8bd33dd859374bcc82d2ce8801d818d1','系统','2017-03-19 16:27:19','sys_app_user','/Users/Shen/Documents/20170319/sys_app_user_20170319162719.sql',2,'2.893','定时备份操作'),('8c50a1ccba0b4684aa147a5ff7052064','admin','2017-03-18 23:40:32','weixin_textmsg','/Users/Shen/Documents/20170318/weixin_textmsg_20170318234032.sql',2,'2.401','admin备份单表'),('8cf295e156134b76bea9167cdba3a4c6','系统','2017-03-19 16:30:15','sys_app_user','/Users/Shen/Documents/20170319/sys_app_user_20170319163015.sql',2,'2.893','定时备份操作'),('8d667134610e40988a1460c2f6ae4f5e','系统','2017-03-19 16:29:49','sys_app_user','/Users/Shen/Documents/20170319/sys_app_user_20170319162949.sql',2,'2.893','定时备份操作'),('9238358d65ca464aaadda18848b54e4c','admin','2017-03-18 09:47:26','oa_department','/Users/Shen/Documents/20170318/oa_department_20170318094725.sql',2,'3.551','admin备份单表'),('933df50a102b4074976701432e11b39e','admin','2017-03-15 15:34:45','sys_fhlog','/Users/Shen/Documents/20170315/sys_fhlog_20170315153445.sql',2,'12.911','admin备份单表'),('937bb6318b3c4ed9bd5ce086f3672680','admin','2017-03-18 23:40:31','db_timingbackup','/Users/Shen/Documents/20170318/db_timingbackup_20170318234031.sql',2,'2.669','admin备份单表'),('941feb7d59e8426fa38ad9693880b09b','admin','2017-03-13 00:08:34','sys_user','/Users/Shen/Documents/20170313/sys_user_20170313000834.sql',2,'3.196','admin备份单表'),('951ff16e0ff64bba8f3acdc36674467d','系统','2017-03-19 16:26:37','sys_app_user','/Users/Shen/Documents/20170319/sys_app_user_20170319162637.sql',2,'2.893','定时备份操作'),('9530a67d2eda467088312d07ec0085a8','admin','2017-03-12 21:19:20','sys_menu','/Users/Shen/Documents/20170312/sys_menu_20170312211920.sql',2,'6.961','admin备份单表'),('95b288f064dd41de9f57fa5c7408e970','系统','2017-03-19 16:29:05','sys_app_user','/Users/Shen/Documents/20170319/sys_app_user_20170319162905.sql',2,'2.893','定时备份操作'),('963c0a22f2b94561893ff2a10c940eef','系统','2017-03-19 16:26:35','sys_app_user','/Users/Shen/Documents/20170319/sys_app_user_20170319162635.sql',2,'2.893','定时备份操作'),('96785a5aa2f640288d2c7c44590017b3','系统','2017-03-19 16:28:11','sys_app_user','/Users/Shen/Documents/20170319/sys_app_user_20170319162811.sql',2,'2.893','定时备份操作'),('968d243e41e04d9fabdc7181fcc04174','系统','2017-03-19 16:25:55','sys_app_user','/Users/Shen/Documents/20170319/sys_app_user_20170319162555.sql',2,'2.893','定时备份操作'),('9a6b0baf64434ef09f6216b2e4cdfd68','系统','2017-03-19 16:25:05','sys_app_user','/Users/Shen/Documents/20170319/sys_app_user_20170319162505.sql',2,'2.893','定时备份操作'),('9baea7d4f02341819752f263c3d5f3bf','admin','2017-03-13 00:08:33','oa_staff','/Users/Shen/Documents/20170313/oa_staff_20170313000833.sql',2,'4.219','admin备份单表'),('9be8e8bfde684146862377d3c8fbe001','系统','2017-03-23 23:32:07','sys_app_user','/Users/Shen/Documents/20170323/sys_app_user_20170323233207.sql',2,'2.438','定时备份操作'),('9c1176bf7fe543669d2cb37a2311db1a','admin','2017-03-13 00:08:33','sys_fhlog','/Users/Shen/Documents/20170313/sys_fhlog_20170313000833.sql',2,'11.522','admin备份单表'),('9c5a1585065b415cbdbdb8ddda85902e','admin','2017-03-12 21:19:20','sys_createcode','/Users/Shen/Documents/20170312/sys_createcode_20170312211920.sql',2,'10.545','admin备份单表'),('9c73f72bb46740ef9b58abd1142b3f16','admin','2017-03-15 15:34:45','oa_fhfile','/Users/Shen/Documents/20170315/oa_fhfile_20170315153445.sql',2,'2.665','admin备份单表'),('9cace3454e2946138c2ad836b3b46e3e','系统','2017-03-19 16:25:13','sys_app_user','/Users/Shen/Documents/20170319/sys_app_user_20170319162513.sql',2,'2.893','定时备份操作'),('9cadc0b3f6164a9ebcdd4d7cda5c0f85','admin','2017-03-18 09:47:27','sys_role','/Users/Shen/Documents/20170318/sys_role_20170318094726.sql',2,'3.524','admin备份单表'),('9cceebece41940488700320ca0ef935b','admin','2017-03-23 23:30:40','sys_userphoto','/Users/Shen/Documents/20170323/sys_userphoto_20170323233040.sql',2,'2.136','admin备份单表'),('9d2d3c4ba1034fe6aa3b76fe768e8c27','admin','2017-03-18 23:40:32','tb_attached','/Users/Shen/Documents/20170318/tb_attached_20170318234032.sql',2,'2.249','admin备份单表'),('9e02602579e345708b8daac63a35e10d','admin','2017-03-18 23:40:31','sys_fhbutton','/Users/Shen/Documents/20170318/sys_fhbutton_20170318234031.sql',2,'2.622','admin备份单表'),('9e313b3e1bdb4a839d82b68ed34e7070','系统','2017-03-19 16:29:11','sys_app_user','/Users/Shen/Documents/20170319/sys_app_user_20170319162911.sql',2,'2.893','定时备份操作'),('9ea6665644af49e98932844ffcdfded5','admin','2017-03-18 23:40:32','weixin_imgmsg','/Users/Shen/Documents/20170318/weixin_imgmsg_20170318234032.sql',2,'4.379','admin备份单表'),('9ed2775ffcef4dabb36209f253301b2c','系统','2017-03-23 23:31:27','sys_app_user','/Users/Shen/Documents/20170323/sys_app_user_20170323233127.sql',2,'2.438','定时备份操作'),('9ee512195f0c4b67a71b9bf37709085f','admin','2017-03-15 15:34:45','oa_datajur','/Users/Shen/Documents/20170315/oa_datajur_20170315153445.sql',2,'2.607','admin备份单表'),('a0110d3b08ba45d6a445e3651975fc81','系统','2017-03-23 23:31:11','sys_app_user','/Users/Shen/Documents/20170323/sys_app_user_20170323233111.sql',2,'2.438','定时备份操作'),('a09948369e0f44f79f3651e84a693820','admin','2017-03-23 23:30:40','tb_attachedmx','/Users/Shen/Documents/20170323/tb_attachedmx_20170323233040.sql',2,'2.365','admin备份单表'),('a2e8ac24832640678365928fe83d3fab','admin','2017-03-15 15:34:46','sys_menu','/Users/Shen/Documents/20170315/sys_menu_20170315153445.sql',2,'7.054','admin备份单表'),('a2fd01e4096647bbb95ce21eda89dfd9','系统','2017-03-23 23:31:41','sys_app_user','/Users/Shen/Documents/20170323/sys_app_user_20170323233141.sql',2,'2.438','定时备份操作'),('a342430d24ff44fb9a8084b93893480f','admin','2017-03-23 23:30:41','weixin_imgmsg','/Users/Shen/Documents/20170323/weixin_imgmsg_20170323233041.sql',2,'4.379','admin备份单表'),('a3900064f8704ea8937839b96a186708','系统','2017-03-19 16:27:41','sys_app_user','/Users/Shen/Documents/20170319/sys_app_user_20170319162741.sql',2,'2.893','定时备份操作'),('a3f054a243534e6c9f7d6ccdd70c649a','系统','2017-03-19 16:29:29','sys_app_user','/Users/Shen/Documents/20170319/sys_app_user_20170319162929.sql',2,'2.893','定时备份操作'),('a500de2d919f4f2a88ac309a58b14b3a','admin','2017-03-13 00:08:33','sys_dictionaries','/Users/Shen/Documents/20170313/sys_dictionaries_20170313000833.sql',2,'3.687','admin备份单表'),('a6e062daf8354e239599efd51f78bd51','系统','2017-03-23 23:30:55','sys_app_user','/Users/Shen/Documents/20170323/sys_app_user_20170323233055.sql',2,'2.438','定时备份操作'),('a789c780074f4bb98f6277f036f62e14','系统','2017-03-19 16:26:01','sys_app_user','/Users/Shen/Documents/20170319/sys_app_user_20170319162601.sql',2,'2.893','定时备份操作'),('a84781adf720486aa568cc4445f7875e','系统','2017-03-19 16:29:39','sys_app_user','/Users/Shen/Documents/20170319/sys_app_user_20170319162939.sql',2,'2.893','定时备份操作'),('a87d0cfb0b6243fdb6a4bf033ab65cee','admin','2017-03-15 15:34:45','sys_app_user','/Users/Shen/Documents/20170315/sys_app_user_20170315153445.sql',2,'2.893','admin备份单表'),('a99efbea458b45b4ac9892f43cc338e1','admin','2017-03-13 00:08:34','sys_menu','/Users/Shen/Documents/20170313/sys_menu_20170313000834.sql',2,'7.054','admin备份单表'),('a9a0abcb60a849ee9dfd5d9ef174c324','admin','2017-03-23 23:30:39','oa_staff','/Users/Shen/Documents/20170323/oa_staff_20170323233039.sql',2,'4.219','admin备份单表'),('a9c877ac70484dc99a991ea91e7773d7','系统','2017-03-19 16:27:43','sys_app_user','/Users/Shen/Documents/20170319/sys_app_user_20170319162743.sql',2,'2.893','定时备份操作'),('a9f897c2c3484c7c9a3437c3f9739603','系统','2017-03-19 16:25:45','sys_app_user','/Users/Shen/Documents/20170319/sys_app_user_20170319162545.sql',2,'2.893','定时备份操作'),('aa3694f608324be5a3faffd95812a19e','系统','2017-03-19 16:26:11','sys_app_user','/Users/Shen/Documents/20170319/sys_app_user_20170319162611.sql',2,'2.893','定时备份操作'),('aabaf3eefb1f4f3f8fad5023a1f1e9c4','系统','2017-03-19 16:29:47','sys_app_user','/Users/Shen/Documents/20170319/sys_app_user_20170319162947.sql',2,'2.893','定时备份操作'),('aac932aaeb744262822bbc4b5c348c5a','admin','2017-03-13 00:08:34','weixin_imgmsg','/Users/Shen/Documents/20170313/weixin_imgmsg_20170313000834.sql',2,'4.379','admin备份单表'),('acff5f345cf447e69a910e10d0ecb714','admin','2017-03-18 09:47:26','oa_datajur','/Users/Shen/Documents/20170318/oa_datajur_20170318094725.sql',2,'2.607','admin备份单表'),('adb0a87f02484addaf53bc059d00aa63','系统','2017-03-19 16:24:33','sys_app_user','/Users/Shen/Documents/20170319/sys_app_user_20170319162433.sql',2,'2.893','定时备份操作'),('ae43ea6dbe174a749e6bb1331471d7f1','系统','2017-03-19 16:29:41','sys_app_user','/Users/Shen/Documents/20170319/sys_app_user_20170319162941.sql',2,'2.893','定时备份操作'),('af57814546dc4efc9377d11b6b770847','admin','2017-03-12 21:19:20','sys_loginimg','/Users/Shen/Documents/20170312/sys_loginimg_20170312211920.sql',2,'2.045','admin备份单表'),('b24c9f0672c64159b1a2d2156b8107fb','系统','2017-03-19 16:26:17','sys_app_user','/Users/Shen/Documents/20170319/sys_app_user_20170319162617.sql',2,'2.893','定时备份操作'),('b2916ea053ea4a8d91906f1794aa65e6','系统','2017-03-19 16:27:51','sys_app_user','/Users/Shen/Documents/20170319/sys_app_user_20170319162751.sql',2,'2.893','定时备份操作'),('b2b26ff9417b43eba47b99685fc5f6ef','admin','2017-03-15 15:34:46','sys_userphoto','/Users/Shen/Documents/20170315/sys_userphoto_20170315153446.sql',2,'2.136','admin备份单表'),('b2b314a859584411a0dbebbe4b3b9a45','admin','2017-03-23 23:30:40','sys_fhbutton','/Users/Shen/Documents/20170323/sys_fhbutton_20170323233040.sql',2,'2.622','admin备份单表'),('b34da1123eda4dbd858a03fec3a43bfa','admin','2017-03-18 23:40:32','sys_role_fhbutton','/Users/Shen/Documents/20170318/sys_role_fhbutton_20170318234032.sql',2,'4.159','admin备份单表'),('b4a8cf595f2945939e136c29f133b696','系统','2017-03-19 16:27:17','sys_app_user','/Users/Shen/Documents/20170319/sys_app_user_20170319162717.sql',2,'2.893','定时备份操作'),('b5639d3d0dfb412c87ca30b3d31b360e','系统','2017-03-19 16:29:23','sys_app_user','/Users/Shen/Documents/20170319/sys_app_user_20170319162923.sql',2,'2.893','定时备份操作'),('b5a8fe122e0547eeb572e11d57da3a8e','系统','2017-03-19 16:25:03','sys_app_user','/Users/Shen/Documents/20170319/sys_app_user_20170319162503.sql',2,'2.893','定时备份操作'),('b6347ac0606240b08e937644f03aa71e','admin','2017-03-18 23:40:31','oa_department','/Users/Shen/Documents/20170318/oa_department_20170318234031.sql',2,'3.551','admin备份单表'),('b6bc047e28cc42bfbef3da04c00cec35','admin','2017-03-23 23:30:39','db_fhdb','/Users/Shen/Documents/20170323/db_fhdb_20170323233039.sql',2,'63.152','admin备份单表'),('b816a2bbd60f4e20b8ee0b0439660d07','系统','2017-03-19 16:26:05','sys_app_user','/Users/Shen/Documents/20170319/sys_app_user_20170319162605.sql',2,'2.893','定时备份操作'),('b8290995ab134a788bc1f0975759bc12','admin','2017-03-13 00:08:33','db_fhdb','/Users/Shen/Documents/20170313/db_fhdb_20170313000833.sql',2,'6.626','admin备份单表'),('b86b6a5d8bff4fd59503e68957ba13f8','系统','2017-03-23 23:30:45','sys_app_user','/Users/Shen/Documents/20170323/sys_app_user_20170323233045.sql',2,'2.438','定时备份操作'),('b88d0681b9b347f68560bf981ef637c4','admin','2017-03-18 09:47:27','weixin_textmsg','/Users/Shen/Documents/20170318/weixin_textmsg_20170318094727.sql',2,'2.401','admin备份单表'),('b8a0251c1b714a5c92a6dfbccebc94b2','admin','2017-03-18 09:47:27','weixin_imgmsg','/Users/Shen/Documents/20170318/weixin_imgmsg_20170318094727.sql',2,'4.379','admin备份单表'),('b8cb7563cf01438ea1372a4597a11cdb','系统','2017-03-19 16:29:15','sys_app_user','/Users/Shen/Documents/20170319/sys_app_user_20170319162915.sql',2,'2.893','定时备份操作'),('b9175c2a088447a9a45b3431fe7fab1e','系统','2017-03-19 16:28:13','sys_app_user','/Users/Shen/Documents/20170319/sys_app_user_20170319162813.sql',2,'2.893','定时备份操作'),('b9b8b2868fb54f84bd6eeed7d5d583d0','系统','2017-03-19 16:24:35','sys_app_user','/Users/Shen/Documents/20170319/sys_app_user_20170319162435.sql',2,'2.893','定时备份操作'),('bacfe8366745409a92bc61840d6e1dda','admin','2017-03-23 23:30:41','weixin_command','/Users/Shen/Documents/20170323/weixin_command_20170323233041.sql',2,'2.824','admin备份单表'),('bb4a5f5fb6fe45839fd6bfd423f876f5','系统','2017-03-23 23:31:47','sys_app_user','/Users/Shen/Documents/20170323/sys_app_user_20170323233147.sql',2,'2.438','定时备份操作'),('bcec554a2b524f01a832acba9478d3b3','系统','2017-03-19 16:30:03','sys_app_user','/Users/Shen/Documents/20170319/sys_app_user_20170319163003.sql',2,'2.893','定时备份操作'),('bcfb4b7bbee7409ca88b72c8bfc7f3c2','系统','2017-03-19 16:27:05','sys_app_user','/Users/Shen/Documents/20170319/sys_app_user_20170319162705.sql',2,'2.893','定时备份操作'),('bdcf16a3fde54d0280e2ecd8908d02d4','admin','2017-03-12 21:19:20','weixin_command','/Users/Shen/Documents/20170312/weixin_command_20170312211920.sql',2,'2.824','admin备份单表'),('bde37848ee094955af4c453c29d0fdfa','系统','2017-03-19 16:26:23','sys_app_user','/Users/Shen/Documents/20170319/sys_app_user_20170319162623.sql',2,'2.893','定时备份操作'),('be7d93b3507b485c9c525faae169356b','系统','2017-03-19 16:29:03','sys_app_user','/Users/Shen/Documents/20170319/sys_app_user_20170319162903.sql',2,'2.893','定时备份操作'),('c06eda412d114e828361179f2fa2212d','系统','2017-03-19 16:31:05','sys_app_user','/Users/Shen/Documents/20170319/sys_app_user_20170319163105.sql',2,'2.893','定时备份操作'),('c0eca649199448ab9d333645221920b9','系统','2017-03-19 16:28:09','sys_app_user','/Users/Shen/Documents/20170319/sys_app_user_20170319162809.sql',2,'2.893','定时备份操作'),('c1ac48d8adcc4202b35f4519f0dd8af9','系统','2017-03-19 16:28:59','sys_app_user','/Users/Shen/Documents/20170319/sys_app_user_20170319162859.sql',2,'2.893','定时备份操作'),('c5adecf321954f5b98f46e77e3293eee','系统','2017-03-19 16:25:51','sys_app_user','/Users/Shen/Documents/20170319/sys_app_user_20170319162551.sql',2,'2.893','定时备份操作'),('c5f766445541447ca05558c695887cdf','admin','2017-03-18 09:47:26','sys_dictionaries','/Users/Shen/Documents/20170318/sys_dictionaries_20170318094726.sql',2,'3.687','admin备份单表'),('c870e4e5c66d4462b0bc33020980c439','admin','2017-03-13 00:08:34','sys_fhsms','/Users/Shen/Documents/20170313/sys_fhsms_20170313000834.sql',2,'3.506','admin备份单表'),('c8ea3bab6d564deeb8a0d44b82c03dd4','系统','2017-03-19 16:28:41','sys_app_user','/Users/Shen/Documents/20170319/sys_app_user_20170319162841.sql',2,'2.893','定时备份操作'),('c8ecb11da5684f4dadfcaefa5b78cec3','admin','2017-03-18 09:47:26','sys_app_user','/Users/Shen/Documents/20170318/sys_app_user_20170318094726.sql',2,'2.893','admin备份单表'),('ca1df33987e54c9bb1b82e8e1b42e57d','admin','2017-03-13 00:08:33','oa_fhfile','/Users/Shen/Documents/20170313/oa_fhfile_20170313000833.sql',2,'2.665','admin备份单表'),('caa196a0f96d4e67964b41f5c83a676a','admin','2017-03-12 21:19:20','oa_department','/Users/Shen/Documents/20170312/oa_department_20170312211919.sql',2,'3.551','admin备份单表'),('cbfc6c2426754411892bdd15af115993','系统','2017-03-19 16:30:21','sys_app_user','/Users/Shen/Documents/20170319/sys_app_user_20170319163021.sql',2,'2.893','定时备份操作'),('ce7c43aeaaf942baba0b88fc0a85a7c1','admin','2017-03-12 21:19:20','sys_userphoto','/Users/Shen/Documents/20170312/sys_userphoto_20170312211920.sql',2,'2.136','admin备份单表'),('cf072b4a63cb43d1babb59f6d43611d3','系统','2017-03-19 16:28:31','sys_app_user','/Users/Shen/Documents/20170319/sys_app_user_20170319162831.sql',2,'2.893','定时备份操作'),('cf23657d648f4c32b490397c9490cabb','admin','2017-03-18 23:40:31','sys_dictionaries','/Users/Shen/Documents/20170318/sys_dictionaries_20170318234031.sql',2,'3.687','admin备份单表'),('cf38692d705f44ce973527711bce9630','系统','2017-03-19 16:29:09','sys_app_user','/Users/Shen/Documents/20170319/sys_app_user_20170319162909.sql',2,'2.893','定时备份操作'),('d0512dab2c954cf1a782e880773a2aca','admin','2017-03-23 23:30:39','sys_dictionaries','/Users/Shen/Documents/20170323/sys_dictionaries_20170323233039.sql',2,'3.687','admin备份单表'),('d0d40025535144ab86afdca09eae5037','系统','2017-03-19 16:25:57','sys_app_user','/Users/Shen/Documents/20170319/sys_app_user_20170319162557.sql',2,'2.893','定时备份操作'),('d0d954e646dc40f68894e7027226e4c4','系统','2017-03-19 16:25:33','sys_app_user','/Users/Shen/Documents/20170319/sys_app_user_20170319162533.sql',2,'2.893','定时备份操作'),('d1356515cde946c2bf4f2f33ae5d7bbf','admin','2017-03-18 23:40:31','WMS_COUNTRY','/Users/Shen/Documents/20170318/WMS_COUNTRY_20170318234031.sql',2,'2.119','admin备份单表'),('d1c11f39e36a490592cbcab0a93f8ea7','admin','2017-03-15 15:34:45','db_timingbackup','/Users/Shen/Documents/20170315/db_timingbackup_20170315153445.sql',2,'2.669','admin备份单表'),('d30f031eda784afdb44711a0c3e047fa','admin','2017-03-15 15:34:46','weixin_textmsg','/Users/Shen/Documents/20170315/weixin_textmsg_20170315153446.sql',2,'2.401','admin备份单表'),('d3bdf6ecc96e47c08c343f96ff8121ad','系统','2017-03-19 16:28:25','sys_app_user','/Users/Shen/Documents/20170319/sys_app_user_20170319162825.sql',2,'2.893','定时备份操作'),('d3edddc5f6df4370a45ce7850bdadef5','系统','2017-03-19 16:25:11','sys_app_user','/Users/Shen/Documents/20170319/sys_app_user_20170319162511.sql',2,'2.893','定时备份操作'),('d4203b96aca240cabb3a50ceabf2a79d','admin','2017-03-23 23:30:39','WMS_COUNTRY','/Users/Shen/Documents/20170323/WMS_COUNTRY_20170323233039.sql',2,'2.174','admin备份单表'),('d5d6c45fcd1b4a3d8a4deb3bea036a21','系统','2017-03-19 16:28:05','sys_app_user','/Users/Shen/Documents/20170319/sys_app_user_20170319162805.sql',2,'2.893','定时备份操作'),('d69039442c204f889a89cb14c204d898','系统','2017-03-19 16:31:09','sys_app_user','/Users/Shen/Documents/20170319/sys_app_user_20170319163109.sql',2,'2.893','定时备份操作'),('d6aea7a095d94987a206ed97eae20d57','系统','2017-03-23 23:30:33','sys_app_user','/Users/Shen/Documents/20170323/sys_app_user_20170323233033.sql',2,'2.438','定时备份操作'),('d7a7e073f1374229a58ca00eb0e37561','系统','2017-03-19 16:28:21','sys_app_user','/Users/Shen/Documents/20170319/sys_app_user_20170319162821.sql',2,'2.893','定时备份操作'),('daa5ca67f0844eca916dc0be633f1bb1','系统','2017-03-19 16:26:43','sys_app_user','/Users/Shen/Documents/20170319/sys_app_user_20170319162643.sql',2,'2.893','定时备份操作'),('dae6ea41c4a1467e97ee123d6f6b9121','系统','2017-03-19 16:28:43','sys_app_user','/Users/Shen/Documents/20170319/sys_app_user_20170319162843.sql',2,'2.893','定时备份操作'),('dbecdcef422f454998da5bd58e748a9c','admin','2017-03-23 23:30:39','oa_department','/Users/Shen/Documents/20170323/oa_department_20170323233039.sql',2,'3.551','admin备份单表'),('ddc3f8c35805467683bc01d1d67ce66d','系统','2017-03-19 16:27:35','sys_app_user','/Users/Shen/Documents/20170319/sys_app_user_20170319162735.sql',2,'2.893','定时备份操作'),('df1efccc79e74fd3a5d974e18ac7144e','admin','2017-03-18 23:40:32','tb_pictures','/Users/Shen/Documents/20170318/tb_pictures_20170318234032.sql',2,'2.175','admin备份单表'),('df4be617b47f4eb48e786579b72377c1','系统','2017-03-19 16:26:25','sys_app_user','/Users/Shen/Documents/20170319/sys_app_user_20170319162625.sql',2,'2.893','定时备份操作'),('e069d2e51bce429b8fb4e983fae2767f','系统','2017-03-23 23:31:31','sys_app_user','/Users/Shen/Documents/20170323/sys_app_user_20170323233131.sql',2,'2.438','定时备份操作'),('e11ed4dfda8247d4ab9d14bb3d1c73f9','admin','2017-03-15 15:34:45','sys_fhsms','/Users/Shen/Documents/20170315/sys_fhsms_20170315153445.sql',2,'3.506','admin备份单表'),('e1a3dd3bc742425bbbb30418d08833b6','admin','2017-03-13 00:08:34','weixin_command','/Users/Shen/Documents/20170313/weixin_command_20170313000834.sql',2,'2.824','admin备份单表'),('e217af3f58744dcf8312e017f3543244','admin','2017-03-23 23:30:41','weixin_textmsg','/Users/Shen/Documents/20170323/weixin_textmsg_20170323233041.sql',2,'2.401','admin备份单表'),('e27d3b7080f14294a725d25a56dafa8d','系统','2017-03-19 16:25:17','sys_app_user','/Users/Shen/Documents/20170319/sys_app_user_20170319162517.sql',2,'2.893','定时备份操作'),('e2bd15a6c1a74372953219c39b262da7','系统','2017-03-19 16:27:29','sys_app_user','/Users/Shen/Documents/20170319/sys_app_user_20170319162729.sql',2,'2.893','定时备份操作'),('e2d4d437545849e08a86c60ca6bbaf1c','系统','2017-03-19 16:27:53','sys_app_user','/Users/Shen/Documents/20170319/sys_app_user_20170319162753.sql',2,'2.893','定时备份操作'),('e3412e0de11b4a80b07144045b24b52d','admin','2017-03-18 23:40:32','sys_role','/Users/Shen/Documents/20170318/sys_role_20170318234032.sql',2,'3.597','admin备份单表'),('e3d6ca80fecb40d1b4af0b15b93cba67','系统','2017-03-19 16:24:31','sys_app_user','/Users/Shen/Documents/20170319/sys_app_user_20170319162431.sql',2,'2.893','定时备份操作'),('e4ffb8b27d3a4b8da8fc954d52cd4fcb','系统','2017-03-19 16:28:51','sys_app_user','/Users/Shen/Documents/20170319/sys_app_user_20170319162851.sql',2,'2.893','定时备份操作'),('e6b5a434a73843d5a83798401932fa33','系统','2017-03-19 16:31:23','sys_app_user','/Users/Shen/Documents/20170319/sys_app_user_20170319163123.sql',2,'2.893','定时备份操作'),('e7cb589b2e9f41228c83155ae5a3b558','系统','2017-03-19 16:26:27','sys_app_user','/Users/Shen/Documents/20170319/sys_app_user_20170319162627.sql',2,'2.893','定时备份操作'),('e81caeadaff94bb8b113c685f35df494','admin','2017-03-13 00:08:34','sys_role','/Users/Shen/Documents/20170313/sys_role_20170313000834.sql',2,'3.524','admin备份单表'),('e8ffea219a1e4b4daf27c6c9a5ccaee1','admin','2017-03-23 23:30:39','sys_createcode','/Users/Shen/Documents/20170323/sys_createcode_20170323233039.sql',2,'13.78','admin备份单表'),('e9a7863ca1ae4ac090dba0991ac9008e','系统','2017-03-23 23:31:25','sys_app_user','/Users/Shen/Documents/20170323/sys_app_user_20170323233125.sql',2,'2.438','定时备份操作'),('ea58bcc4488847bab5579d65c8752b60','admin','2017-03-13 00:08:34','tb_attachedmx','/Users/Shen/Documents/20170313/tb_attachedmx_20170313000834.sql',2,'2.365','admin备份单表'),('ea59c2fba60a48e28d218442453677b3','admin','2017-03-13 00:08:34','sys_userphoto','/Users/Shen/Documents/20170313/sys_userphoto_20170313000834.sql',2,'2.136','admin备份单表'),('ec5534d5c43b49f0b28c0e72f43335e6','admin','2017-03-12 21:19:20','oa_fhfile','/Users/Shen/Documents/20170312/oa_fhfile_20170312211919.sql',2,'2.665','admin备份单表'),('ecfda65a75364edd98274089edfae782','系统','2017-03-19 16:24:29','sys_app_user','/Users/Shen/Documents/20170319/sys_app_user_20170319162429.sql',2,'2.893','定时备份操作'),('ee54f6b2ed124e38813d59a33b104488','admin','2017-03-15 15:34:46','weixin_command','/Users/Shen/Documents/20170315/weixin_command_20170315153446.sql',2,'2.824','admin备份单表'),('ee61c37c1475455f8381092852fca881','admin','2017-03-18 23:40:31','oa_fhfile','/Users/Shen/Documents/20170318/oa_fhfile_20170318234031.sql',2,'2.665','admin备份单表'),('eebd6b57cf7f455da7c4da1309218032','admin','2017-03-13 00:08:34','sys_role_fhbutton','/Users/Shen/Documents/20170313/sys_role_fhbutton_20170313000834.sql',2,'4.159','admin备份单表'),('ef01b4e856264de3bfb9645ebad6ddfc','admin','2017-03-15 15:34:45','oa_department','/Users/Shen/Documents/20170315/oa_department_20170315153445.sql',2,'3.551','admin备份单表'),('ef354aa9a4c447b894d27fec99d3e1bc','系统','2017-03-19 16:31:03','sys_app_user','/Users/Shen/Documents/20170319/sys_app_user_20170319163103.sql',2,'2.893','定时备份操作'),('ef8121f7b3864b14a52caf61f363c175','系统','2017-03-23 23:31:49','sys_app_user','/Users/Shen/Documents/20170323/sys_app_user_20170323233149.sql',2,'2.438','定时备份操作'),('f0dde0a5eea84ed2bf203d417dea11a0','系统','2017-03-19 16:27:55','sys_app_user','/Users/Shen/Documents/20170319/sys_app_user_20170319162755.sql',2,'2.893','定时备份操作'),('f1a2799f86984ec085861f1a7bbd67e7','admin','2017-03-18 23:40:31','db_fhdb','/Users/Shen/Documents/20170318/db_fhdb_20170318234031.sql',2,'19.891','admin备份单表'),('f1e6d933c1fa449795c69186b9a783e1','admin','2017-03-18 09:47:27','sys_loginimg','/Users/Shen/Documents/20170318/sys_loginimg_20170318094726.sql',2,'2.045','admin备份单表'),('f336644edb984018add2747d3829ba44','系统','2017-03-19 16:30:35','sys_app_user','/Users/Shen/Documents/20170319/sys_app_user_20170319163035.sql',2,'2.893','定时备份操作'),('f384969d4f644b4f8caa3f1d74ba4518','admin','2017-03-18 23:40:32','tb_attachedmx','/Users/Shen/Documents/20170318/tb_attachedmx_20170318234032.sql',2,'2.365','admin备份单表'),('f4762957ab4e474c95cda64ea9fadead','系统','2017-03-19 16:28:45','sys_app_user','/Users/Shen/Documents/20170319/sys_app_user_20170319162845.sql',2,'2.893','定时备份操作'),('f5a7d2efcce64993ab79591cd9c195e8','系统','2017-03-23 23:31:33','sys_app_user','/Users/Shen/Documents/20170323/sys_app_user_20170323233133.sql',2,'2.438','定时备份操作'),('f6ccb15ade2047ab8831383043122430','admin','2017-03-18 09:47:27','sys_user','/Users/Shen/Documents/20170318/sys_user_20170318094727.sql',2,'3.196','admin备份单表'),('f6f70b5d69ac4755b27899bcff9b14a3','系统','2017-03-19 16:31:32','sys_app_user','/Users/Shen/Documents/20170319/sys_app_user_20170319163132.sql',2,'2.893','定时备份操作'),('f842c9d18d4741e38bc1505faa9edc73','admin','2017-03-15 15:34:45','WMS_INVENTORYLOCATION','/Users/Shen/Documents/20170315/WMS_INVENTORYLOCATION_20170315153445.sql',2,'2.447','admin备份单表'),('f8f55c6b97ed4bda83e1d469cb23ffe8','系统','2017-03-19 16:29:59','sys_app_user','/Users/Shen/Documents/20170319/sys_app_user_20170319162959.sql',2,'2.893','定时备份操作'),('f940743a6c56458e8fe9a21c91d503a3','系统','2017-03-19 16:27:47','sys_app_user','/Users/Shen/Documents/20170319/sys_app_user_20170319162747.sql',2,'2.893','定时备份操作'),('fa5c07cd096b474e95479e4f5920e1e2','admin','2017-03-23 23:30:40','sys_fhlog','/Users/Shen/Documents/20170323/sys_fhlog_20170323233040.sql',2,'28.621','admin备份单表'),('fa793dc389eb4c49854bfc3bd0d394a6','系统','2017-03-23 23:31:37','sys_app_user','/Users/Shen/Documents/20170323/sys_app_user_20170323233137.sql',2,'2.438','定时备份操作'),('fb0c9e859e844d868a9ed483806a72cf','系统','2017-03-19 16:25:01','sys_app_user','/Users/Shen/Documents/20170319/sys_app_user_20170319162501.sql',2,'2.893','定时备份操作'),('fb10c2c7dd1841cfb431e990e7ea336e','系统','2017-03-23 23:32:13','sys_app_user','/Users/Shen/Documents/20170323/sys_app_user_20170323233213.sql',2,'2.438','定时备份操作'),('fb94e0a184a049b885181a4bd481ecd2','系统','2017-03-23 23:31:43','sys_app_user','/Users/Shen/Documents/20170323/sys_app_user_20170323233143.sql',2,'2.438','定时备份操作'),('fc3340a2c4c94f4eabdea7b2b15a3afe','admin','2017-03-23 23:30:39','oa_datajur','/Users/Shen/Documents/20170323/oa_datajur_20170323233039.sql',2,'2.607','admin备份单表'),('fea53ed84cf048f0aaf034953920b5b0','系统','2017-03-19 16:27:13','sys_app_user','/Users/Shen/Documents/20170319/sys_app_user_20170319162713.sql',2,'2.893','定时备份操作'),('fec177d0a8414d0bb7075186d5773231','系统','2017-03-19 16:25:31','sys_app_user','/Users/Shen/Documents/20170319/sys_app_user_20170319162531.sql',2,'2.893','定时备份操作'),('feeee1f8eb1f427b8837fd16265374ea','系统','2017-03-23 23:31:59','sys_app_user','/Users/Shen/Documents/20170323/sys_app_user_20170323233159.sql',2,'2.438','定时备份操作');

/*Table structure for table `db_timingbackup` */

DROP TABLE IF EXISTS `db_timingbackup`;

CREATE TABLE `db_timingbackup` (
  `TIMINGBACKUP_ID` varchar(100) NOT NULL,
  `JOBNAME` varchar(50) DEFAULT NULL COMMENT '任务名称',
  `CREATE_TIME` varchar(32) DEFAULT NULL COMMENT '创建时间',
  `TABLENAME` varchar(50) DEFAULT NULL COMMENT '表名',
  `STATUS` int(1) NOT NULL COMMENT '类型',
  `FHTIME` varchar(30) DEFAULT NULL COMMENT '时间规则',
  `TIMEEXPLAIN` varchar(100) DEFAULT NULL COMMENT '规则说明',
  `BZ` varchar(255) DEFAULT NULL COMMENT '备注',
  PRIMARY KEY (`TIMINGBACKUP_ID`)
) ENGINE=InnoDB DEFAULT CHARSET=utf8;

/*Data for the table `db_timingbackup` */

insert  into `db_timingbackup`(`TIMINGBACKUP_ID`,`JOBNAME`,`CREATE_TIME`,`TABLENAME`,`STATUS`,`FHTIME`,`TIMEEXPLAIN`,`BZ`) values ('311e06c34a5e4518a86d5d30799f9b55','sys_app_user_515762','2016-04-11 17:04:55','sys_app_user',2,'1/2 * * ? * *','每个月的 每周 每天 每小时执行一次','备份任务'),('bc4a788bc2ec40bdb1b7730131c26d42','sys_app_user_359515','2016-04-12 17:24:05','sys_app_user',2,'1/3 * * ? * *','每个月的 每周 每天 每小时执行一次','ssss');

/*Table structure for table `oa_datajur` */

DROP TABLE IF EXISTS `oa_datajur`;

CREATE TABLE `oa_datajur` (
  `DATAJUR_ID` varchar(100) NOT NULL,
  `DEPARTMENT_IDS` varchar(5000) DEFAULT NULL COMMENT '部门ID组合',
  `STAFF_ID` varchar(100) DEFAULT NULL COMMENT '员工ID',
  `DEPARTMENT_ID` varchar(100) DEFAULT NULL,
  PRIMARY KEY (`DATAJUR_ID`),
  KEY `FSTAFF` (`STAFF_ID`),
  CONSTRAINT `FSTAFF` FOREIGN KEY (`STAFF_ID`) REFERENCES `oa_staff` (`STAFF_ID`) ON DELETE CASCADE ON UPDATE CASCADE
) ENGINE=InnoDB DEFAULT CHARSET=utf8;

/*Data for the table `oa_datajur` */

insert  into `oa_datajur`(`DATAJUR_ID`,`DEPARTMENT_IDS`,`STAFF_ID`,`DEPARTMENT_ID`) values ('9fd17463ffd7487ab90e683c76026655','(\'cbbc84eddde947ba8af7d509e430eb70\',\'8f8b045470f342fdbc4c312ab881d62b\',\'83a25761c618457cae2fa1211bd8696d\',\'a0982dea52554225ab682cd4b421de47\',\'fh\')','9fd17463ffd7487ab90e683c76026655','5cccdb7c432449d8b853c52880058140'),('c9f05f925dfc485b9e352916612ab669','(\'a0982dea52554225ab682cd4b421de47\',\'fh\')','c9f05f925dfc485b9e352916612ab669','8f8b045470f342fdbc4c312ab881d62b');

/*Table structure for table `oa_department` */

DROP TABLE IF EXISTS `oa_department`;

CREATE TABLE `oa_department` (
  `DEPARTMENT_ID` varchar(100) NOT NULL,
  `NAME` varchar(30) DEFAULT NULL COMMENT '名称',
  `NAME_EN` varchar(50) DEFAULT NULL COMMENT '英文',
  `BIANMA` varchar(50) DEFAULT NULL COMMENT '编码',
  `PARENT_ID` varchar(100) DEFAULT NULL COMMENT '上级ID',
  `BZ` varchar(255) DEFAULT NULL COMMENT '备注',
  `HEADMAN` varchar(30) DEFAULT NULL COMMENT '负责人',
  `TEL` varchar(50) DEFAULT NULL COMMENT '电话',
  `FUNCTIONS` varchar(255) DEFAULT NULL COMMENT '部门职能',
  `ADDRESS` varchar(255) DEFAULT NULL COMMENT '地址',
  PRIMARY KEY (`DEPARTMENT_ID`)
) ENGINE=InnoDB DEFAULT CHARSET=utf8;

/*Data for the table `oa_department` */

insert  into `oa_department`(`DEPARTMENT_ID`,`NAME`,`NAME_EN`,`BIANMA`,`PARENT_ID`,`BZ`,`HEADMAN`,`TEL`,`FUNCTIONS`,`ADDRESS`) values ('0956d8c279274fca92f4091f2a69a9ad','销售会计','xiaokuai','05896','d41af567914a409893d011aa53eda797','','','','',''),('3e7227e11dc14b4d9e863dd1a1fcedf6','成本会计','chengb','03656','d41af567914a409893d011aa53eda797','','','','',''),('5cccdb7c432449d8b853c52880058140','B公司','b','002','0','冶铁','李四','112','冶铁','河北'),('83a25761c618457cae2fa1211bd8696d','销售B组','xiaob','002365','cbbc84eddde947ba8af7d509e430eb70','','李四','','',''),('8f8b045470f342fdbc4c312ab881d62b','销售A组','xiaoA','0326','cbbc84eddde947ba8af7d509e430eb70','','张三','0201212','',''),('a0982dea52554225ab682cd4b421de47','1队','yidui','02563','8f8b045470f342fdbc4c312ab881d62b','','小王','12356989','',''),('a6c6695217ba4a4dbfe9f7e9d2c06730','A公司','a','001','0','挖煤','张三','110','洼煤矿','山西'),('cbbc84eddde947ba8af7d509e430eb70','销售部','xiaoshoubu','00201','5cccdb7c432449d8b853c52880058140','推销商品','小明','11236','推销商品','909办公室'),('d41af567914a409893d011aa53eda797','财务部','caiwubu','00101','a6c6695217ba4a4dbfe9f7e9d2c06730','负责发工资','王武','11236','管理财务','308办公室');

/*Table structure for table `oa_fhfile` */

DROP TABLE IF EXISTS `oa_fhfile`;

CREATE TABLE `oa_fhfile` (
  `FHFILE_ID` varchar(100) NOT NULL,
  `NAME` varchar(30) DEFAULT NULL COMMENT '文件名',
  `FILEPATH` varchar(100) DEFAULT NULL COMMENT '路径',
  `CTIME` varchar(32) DEFAULT NULL COMMENT '上传时间',
  `BZ` varchar(100) DEFAULT NULL COMMENT '备注',
  `USERNAME` varchar(50) DEFAULT NULL COMMENT '长传者',
  `DEPARTMENT_ID` varchar(100) DEFAULT NULL COMMENT '部门ID',
  `FILESIZE` varchar(10) DEFAULT NULL COMMENT '文件大小',
  PRIMARY KEY (`FHFILE_ID`)
) ENGINE=InnoDB DEFAULT CHARSET=utf8;

/*Data for the table `oa_fhfile` */

insert  into `oa_fhfile`(`FHFILE_ID`,`NAME`,`FILEPATH`,`CTIME`,`BZ`,`USERNAME`,`DEPARTMENT_ID`,`FILESIZE`) values ('00a3a22cde5a4a87b935f69a07a095cd','ssdf','2016060308062777776.txt','2016-06-03 20:06:27','s','admin','0','0.643'),('10d0d0a30c5a4d1798f6abbb6a4eafb8','f1','2016060211505730809.png','2016-06-02 23:50:57','21','lisi','8f8b045470f342fdbc4c312ab881d62b','522.43'),('1d12e3f914cf493c9bde0cff3584cefb','w1','2016060211500388907.png','2016-06-02 23:50:03','w1','san','5cccdb7c432449d8b853c52880058140','6.389'),('f3e5e2e98da342e0a68bb58a17fac9e9','111','2017040609065835551.png','2017-04-06 09:06:59','111','admin','0','31.45');

/*Table structure for table `oa_staff` */

DROP TABLE IF EXISTS `oa_staff`;

CREATE TABLE `oa_staff` (
  `STAFF_ID` varchar(100) NOT NULL,
  `NAME` varchar(50) DEFAULT NULL COMMENT '姓名',
  `NAME_EN` varchar(50) DEFAULT NULL COMMENT '英文',
  `BIANMA` varchar(100) DEFAULT NULL COMMENT '编码',
  `DEPARTMENT_ID` varchar(100) DEFAULT NULL COMMENT '部门',
  `FUNCTIONS` varchar(255) DEFAULT NULL COMMENT '职责',
  `TEL` varchar(20) DEFAULT NULL COMMENT '电话',
  `EMAIL` varchar(50) DEFAULT NULL COMMENT '邮箱',
  `SEX` varchar(10) DEFAULT NULL COMMENT '性别',
  `BIRTHDAY` varchar(32) DEFAULT NULL COMMENT '出生日期',
  `NATION` varchar(10) DEFAULT NULL COMMENT '民族',
  `JOBTYPE` varchar(30) DEFAULT NULL COMMENT '岗位类别',
  `JOBJOINTIME` varchar(32) DEFAULT NULL COMMENT '参加工作时间',
  `FADDRESS` varchar(100) DEFAULT NULL COMMENT '籍贯',
  `POLITICAL` varchar(30) DEFAULT NULL COMMENT '政治面貌',
  `PJOINTIME` varchar(32) DEFAULT NULL COMMENT '入团时间',
  `SFID` varchar(20) DEFAULT NULL COMMENT '身份证号',
  `MARITAL` varchar(10) DEFAULT NULL COMMENT '婚姻状况',
  `DJOINTIME` varchar(32) DEFAULT NULL COMMENT '进本单位时间',
  `POST` varchar(30) DEFAULT NULL COMMENT '现岗位',
  `POJOINTIME` varchar(32) DEFAULT NULL COMMENT '上岗时间',
  `EDUCATION` varchar(10) DEFAULT NULL COMMENT '学历',
  `SCHOOL` varchar(30) DEFAULT NULL COMMENT '毕业学校',
  `MAJOR` varchar(30) DEFAULT NULL COMMENT '专业',
  `FTITLE` varchar(30) DEFAULT NULL COMMENT '职称',
  `CERTIFICATE` varchar(30) DEFAULT NULL COMMENT '职业资格证',
  `CONTRACTLENGTH` int(2) NOT NULL COMMENT '劳动合同时长',
  `CSTARTTIME` varchar(32) DEFAULT NULL COMMENT '签订日期',
  `CENDTIME` varchar(32) DEFAULT NULL COMMENT '终止日期',
  `ADDRESS` varchar(100) DEFAULT NULL COMMENT '现住址',
  `USER_ID` varchar(100) DEFAULT NULL COMMENT '绑定账号ID',
  `BZ` varchar(255) DEFAULT NULL COMMENT '备注',
  PRIMARY KEY (`STAFF_ID`)
) ENGINE=InnoDB DEFAULT CHARSET=utf8;

/*Data for the table `oa_staff` */

insert  into `oa_staff`(`STAFF_ID`,`NAME`,`NAME_EN`,`BIANMA`,`DEPARTMENT_ID`,`FUNCTIONS`,`TEL`,`EMAIL`,`SEX`,`BIRTHDAY`,`NATION`,`JOBTYPE`,`JOBJOINTIME`,`FADDRESS`,`POLITICAL`,`PJOINTIME`,`SFID`,`MARITAL`,`DJOINTIME`,`POST`,`POJOINTIME`,`EDUCATION`,`SCHOOL`,`MAJOR`,`FTITLE`,`CERTIFICATE`,`CONTRACTLENGTH`,`CSTARTTIME`,`CENDTIME`,`ADDRESS`,`USER_ID`,`BZ`) values ('9fd17463ffd7487ab90e683c76026655','www','www','ww','5cccdb7c432449d8b853c52880058140','ww','ww','www','男','2016-04-27','ww','ww','2016-05-03','ww','ww','2016-04-25','ww','未婚','2016-05-09','ww','2016-05-17','w','w','w','w','www',2,'2016-05-23','2016-05-16','w','san','www'),('c9f05f925dfc485b9e352916612ab669','fw','y','y','8f8b045470f342fdbc4c312ab881d62b','y','y','y','男','2016-06-08','y','y','2016-06-03','y','y','2016-05-31','y','已婚','2016-06-07','y','2016-06-08','y','y','y','y','y',4,'2016-06-21','2016-06-21','y','lisi','y');

/*Table structure for table `sys_app_user` */

DROP TABLE IF EXISTS `sys_app_user`;

CREATE TABLE `sys_app_user` (
  `USER_ID` varchar(100) NOT NULL,
  `USERNAME` varchar(255) DEFAULT NULL,
  `PASSWORD` varchar(255) DEFAULT NULL,
  `NAME` varchar(255) DEFAULT NULL,
  `RIGHTS` varchar(255) DEFAULT NULL,
  `ROLE_ID` varchar(100) DEFAULT NULL,
  `LAST_LOGIN` varchar(255) DEFAULT NULL,
  `IP` varchar(100) DEFAULT NULL,
  `STATUS` varchar(32) DEFAULT NULL,
  `BZ` varchar(255) DEFAULT NULL,
  `PHONE` varchar(100) DEFAULT NULL,
  `SFID` varchar(100) DEFAULT NULL,
  `START_TIME` varchar(100) DEFAULT NULL,
  `END_TIME` varchar(100) DEFAULT NULL,
  `YEARS` int(10) DEFAULT NULL,
  `NUMBER` varchar(100) DEFAULT NULL,
  `EMAIL` varchar(32) DEFAULT NULL,
  PRIMARY KEY (`USER_ID`)
) ENGINE=InnoDB DEFAULT CHARSET=utf8;

/*Data for the table `sys_app_user` */

/*Table structure for table `sys_createcode` */

DROP TABLE IF EXISTS `sys_createcode`;

CREATE TABLE `sys_createcode` (
  `CREATECODE_ID` varchar(100) NOT NULL,
  `PACKAGENAME` varchar(50) DEFAULT NULL COMMENT '包名',
  `OBJECTNAME` varchar(50) DEFAULT NULL COMMENT '类名',
  `TABLENAME` varchar(50) DEFAULT NULL COMMENT '表名',
  `FIELDLIST` varchar(5000) DEFAULT NULL COMMENT '属性集',
  `CREATETIME` varchar(100) DEFAULT NULL COMMENT '创建时间',
  `TITLE` varchar(255) DEFAULT NULL COMMENT '描述',
  `FHTYPE` varchar(32) DEFAULT NULL,
  PRIMARY KEY (`CREATECODE_ID`)
) ENGINE=InnoDB DEFAULT CHARSET=utf8;

/*Data for the table `sys_createcode` */

insert  into `sys_createcode`(`CREATECODE_ID`,`PACKAGENAME`,`OBJECTNAME`,`TABLENAME`,`FIELDLIST`,`CREATETIME`,`TITLE`,`FHTYPE`) values ('002ea762e3e242a7a10ea5ca633701d8','system','Buttonrights','sys_,fh,BUTTONRIGHTS','NAME,fh,String,fh,名称,fh,是,fh,无,fh,255Q313596790','2016-01-16 23:20:36','按钮权限','single'),('043843a286f84549ad3fa71aac827f6f','system','FHlog','SYS_,fh,FHLOG','USERNAME,fh,String,fh,用户名,fh,是,fh,无,fh,100,fh,0Q313596790CZTIME,fh,Date,fh,操作时间,fh,否,fh,无,fh,32,fh,0Q313596790CONTENT,fh,String,fh,事件,fh,是,fh,无,fh,255,fh,0Q313596790','2016-05-10 21:10:16','操作日志记录','single'),('0ee023606efb45b9a3baaa072e502161','information','FtestMx','FH_,fh,FTESTMX','TITLE,fh,String,fh,标题,fh,是,fh,无,fh,255,fh,0Q313596790CHANGDU,fh,Integer,fh,长度,fh,是,fh,无,fh,11,fh,0Q313596790','2016-04-21 01:52:11','主表测试(明细)','sontable'),('1be959583e82473b82f6e62087bd0d38','information','Attached','TB_,fh,ATTACHED','NAME,fh,String,fh,NAME,fh,是,fh,无,fh,255,fh,0Q313596790FDESCRIBE,fh,String,fh,FDESCRIBE,fh,是,fh,无,fh,255,fh,0Q313596790PRICE,fh,Double,fh,PRICE,fh,是,fh,无,fh,11,fh,2Q313596790CTIME,fh,Date,fh,CTIME,fh,否,fh,无,fh,32,fh,0Q313596790','2016-04-21 17:07:59','主表测试','fathertable'),('3da8e8bd757c44148d89931a54d29c88','system','UserPhoto','SYS_,fh,USERPHOTO','USERNAME,fh,String,fh,用户名,fh,否,fh,无,fh,30,fh,0Q313596790PHOTO0,fh,String,fh,原图,fh,否,fh,无,fh,100,fh,0Q313596790PHOTO1,fh,String,fh,头像1,fh,否,fh,无,fh,100,fh,0Q313596790PHOTO2,fh,String,fh,头像2,fh,否,fh,无,fh,100,fh,0Q313596790PHOTO3,fh,String,fh,头像3,fh,否,fh,无,fh,100,fh,0Q313596790','2016-06-05 17:54:25','用户头像','single'),('4173a8c56a504dd6b6213d2b9cd3e91b','information','AttachedMx','TB_,fh,ATTACHEDMX','NAME,fh,String,fh,NAME,fh,是,fh,无,fh,255,fh,0Q313596790TITLE,fh,String,fh,TITLE,fh,是,fh,无,fh,255,fh,0Q313596790CTIME,fh,Date,fh,CTIME,fh,否,fh,无,fh,32,fh,0Q313596790PRICE,fh,Double,fh,PRICE,fh,是,fh,无,fh,11,fh,2Q313596790','2016-04-21 17:09:40','主表测试(明细)','sontable'),('41e07fb03763434daef41cd99d0406c3','system','LogInImg','SYS_,fh,LOGINIMG','NAME,fh,String,fh,文件名,fh,是,fh,无,fh,30,fh,0Q313596790FILEPATH,fh,String,fh,路径,fh,是,fh,无,fh,100,fh,0Q313596790TYPE,fh,Integer,fh,状态,fh,是,fh,无,fh,2,fh,0Q313596790FORDER,fh,Integer,fh,排序,fh,是,fh,无,fh,3,fh,0Q313596790','2016-06-03 17:53:22','登录页面背景图片','single'),('49d985e081ed44e6b34ba1b8c5466e39','fhdb','TimingBackUp','DB_,fh,TIMINGBACKUP','JOBNAME,fh,String,fh,任务名称,fh,否,fh,无,fh,50Q313596790CREATE_TIME,fh,Date,fh,创建时间,fh,否,fh,无,fh,32Q313596790TABLENAME,fh,String,fh,表名,fh,是,fh,无,fh,50Q313596790TYPE,fh,Integer,fh,类型,fh,否,fh,无,fh,1Q313596790FHTIME,fh,String,fh,时间规则,fh,是,fh,无,fh,30Q313596790TIMEEXPLAIN,fh,String,fh,规则说明,fh,是,fh,无,fh,100Q313596790BZ,fh,String,fh,备注,fh,是,fh,无,fh,255Q313596790','2016-04-09 11:53:38','定时备份','single'),('4def60c58aa148b7998270978660ef30','fhoa','Fhfile','OA_,fh,FHFILE','NAME,fh,String,fh,文件名,fh,是,fh,无,fh,30,fh,0Q313596790FILEPATH,fh,String,fh,路径,fh,是,fh,无,fh,100,fh,0Q313596790CTIME,fh,Date,fh,上传时间,fh,否,fh,无,fh,32,fh,0Q313596790BZ,fh,String,fh,备注,fh,是,fh,无,fh,100,fh,0Q313596790USERNAME,fh,String,fh,长传者,fh,否,fh,无,fh,50,fh,0Q313596790DEPARTMENT_ID,fh,String,fh,部门ID,fh,否,fh,无,fh,100,fh,0Q313596790FILESIZE,fh,String,fh,文件大小,fh,否,fh,无,fh,10,fh,0Q313596790','2016-05-27 20:52:01','文件管理','single'),('8bcc54ebead84b8e8ffadf3a32ff2a5b','wms','GoodsName','wms_,fh,GOODSNAME','GOODS_ID,fh,String,fh,商品ID,fh,是,fh,无,fh,10,fh,0Q313596790GOODS_NAME,fh,String,fh,商品名称,fh,是,fh,无,fh,30,fh,0Q313596790GOODS_UPC,fh,Integer,fh,商品条码,fh,是,fh,无,fh,30,fh,0Q313596790CATE_ID,fh,Integer,fh,备注4,fh,是,fh,无,fh,10,fh,0Q313596790CATE_NAME,fh,String,fh,备注5,fh,是,fh,无,fh,60,fh,0Q313596790WAREHOUSE_ID,fh,Integer,fh,备注6,fh,是,fh,无,fh,5,fh,0Q313596790OWNER_ID,fh,Integer,fh,备注7,fh,是,fh,无,fh,8,fh,0Q313596790STATUS,fh,Integer,fh,备注8,fh,是,fh,无,fh,3,fh,0Q313596790GOODS_UNIT,fh,String,fh,备注9,fh,是,fh,无,fh,10,fh,0Q313596790DECLARE_PRICE,fh,String,fh,备注10,fh,是,fh,无,fh,12,fh,2Q313596790GOODS_SPE,fh,String,fh,备注11,fh,是,fh,无,fh,60,fh,0Q313596790GROSS_WEIGHT,fh,String,fh,备注12,fh,是,fh,无,fh,11,fh,2Q313596790NET_WEIGHT,fh,String,fh,净重,fh,是,fh,无,fh,11,fh,2Q313596790LENGTH,fh,Integer,fh,长,fh,是,fh,无,fh,11,fh,0Q313596790WIDTH,fh,String,fh,宽,fh,是,fh,无,fh,11,fh,1Q313596790HEIGHT,fh,String,fh,高,fh,是,fh,无,fh,11,fh,1Q313596790GOODS_IMAGES,fh,String,fh,备注17,fh,是,fh,无,fh,255,fh,0Q313596790ADD_TIME,fh,Integer,fh,备注18,fh,是,fh,无,fh,10,fh,0Q313596790LAST_UPDATE,fh,Integer,fh,备注19,fh,是,fh,无,fh,10,fh,0Q313596790GOODS_NO,fh,String,fh,备注20,fh,是,fh,无,fh,50,fh,0Q313596790GOODS_NAME_EN,fh,String,fh,英文名称,fh,是,fh,无,fh,150,fh,0Q313596790GOODS_BRAND,fh,String,fh,备注22,fh,是,fh,无,fh,150,fh,0Q313596790GOODS_BRAND_EN,fh,String,fh,备注23,fh,是,fh,无,fh,150,fh,0Q313596790GOODS_PLACE,fh,String,fh,原产地,fh,是,fh,无,fh,20,fh,0Q313596790GOODS_RETAIL,fh,String,fh,备注25,fh,是,fh,无,fh,50,fh,0Q313596790REMARKS_1,fh,String,fh,备注1,fh,是,fh,无,fh,250,fh,0Q313596790REMARKS_2,fh,String,fh,备注2,fh,是,fh,无,fh,250,fh,0Q313596790REMARKS_3,fh,String,fh,备注3,fh,是,fh,无,fh,250,fh,0Q313596790ADD_USER,fh,String,fh,备注29,fh,是,fh,无,fh,50,fh,0Q313596790EDIT_USER,fh,String,fh,备注30,fh,是,fh,无,fh,50,fh,0Q313596790ATTRIBUTE,fh,String,fh,备注31,fh,是,fh,无,fh,50,fh,0Q313596790VOLUME,fh,String,fh,备注32,fh,是,fh,无,fh,50,fh,0Q313596790TAX_CODE,fh,String,fh,备注33,fh,是,fh,无,fh,30,fh,0Q313596790','2017-03-18 13:21:55','商品','single'),('91af9fe509704fa68f6bca121359e3ec','fhoa','Staff','OA_,fh,STAFF','NAME,fh,String,fh,姓名,fh,是,fh,无,fh,50,fh,0Q313596790NAME_EN,fh,String,fh,英文,fh,是,fh,无,fh,50,fh,0Q313596790BIANMA,fh,String,fh,编码,fh,是,fh,无,fh,100,fh,0Q313596790DEPARTMENT_ID,fh,String,fh,部门,fh,是,fh,无,fh,100,fh,0Q313596790FUNCTIONS,fh,String,fh,职责,fh,是,fh,无,fh,255,fh,0Q313596790TEL,fh,String,fh,电话,fh,是,fh,无,fh,20,fh,0Q313596790EMAIL,fh,String,fh,邮箱,fh,是,fh,无,fh,50,fh,0Q313596790SEX,fh,String,fh,性别,fh,是,fh,无,fh,10,fh,0Q313596790BIRTHDAY,fh,Date,fh,出生日期,fh,是,fh,无,fh,32,fh,0Q313596790NATION,fh,String,fh,民族,fh,是,fh,无,fh,10,fh,0Q313596790JOBTYPE,fh,String,fh,岗位类别,fh,是,fh,无,fh,30,fh,0Q313596790JOBJOINTIME,fh,Date,fh,参加工作时间,fh,是,fh,无,fh,32,fh,0Q313596790FADDRESS,fh,String,fh,籍贯,fh,是,fh,无,fh,100,fh,0Q313596790POLITICAL,fh,String,fh,政治面貌,fh,是,fh,无,fh,30,fh,0Q313596790PJOINTIME,fh,Date,fh,入团时间,fh,是,fh,无,fh,32,fh,0Q313596790SFID,fh,String,fh,身份证号,fh,是,fh,无,fh,20,fh,0Q313596790MARITAL,fh,String,fh,婚姻状况,fh,是,fh,无,fh,10,fh,0Q313596790DJOINTIME,fh,Date,fh,进本单位时间,fh,是,fh,无,fh,32,fh,0Q313596790POST,fh,String,fh,现岗位,fh,是,fh,无,fh,30,fh,0Q313596790POJOINTIME,fh,Date,fh,上岗时间,fh,是,fh,无,fh,32,fh,0Q313596790EDUCATION,fh,String,fh,学历,fh,是,fh,无,fh,10,fh,0Q313596790SCHOOL,fh,String,fh,毕业学校,fh,是,fh,无,fh,30,fh,0Q313596790MAJOR,fh,String,fh,专业,fh,是,fh,无,fh,30,fh,0Q313596790FTITLE,fh,String,fh,职称,fh,是,fh,无,fh,30,fh,0Q313596790CERTIFICATE,fh,String,fh,职业资格证,fh,是,fh,无,fh,30,fh,0Q313596790CONTRACTLENGTH,fh,Integer,fh,劳动合同时长,fh,是,fh,无,fh,2,fh,0Q313596790CSTARTTIME,fh,Date,fh,签订日期,fh,是,fh,无,fh,32,fh,0Q313596790CENDTIME,fh,Date,fh,终止日期,fh,是,fh,无,fh,32,fh,0Q313596790ADDRESS,fh,String,fh,现住址,fh,是,fh,无,fh,100,fh,0Q313596790USER_ID,fh,String,fh,绑定账号ID,fh,否,fh,无,fh,100,fh,0Q313596790BZ,fh,String,fh,备注,fh,是,fh,无,fh,255,fh,0Q313596790','2016-04-23 20:44:31','员工管理','single'),('ae92803163ff44539e91711cfbe35411','fhoa','Datajur','OA_,fh,DATAJUR','DEPARTMENT_IDS,fh,String,fh,部门ID组合,fh,否,fh,无,fh,5000,fh,0Q313596790STAFF_ID,fh,String,fh,员工ID,fh,否,fh,无,fh,100,fh,0Q313596790DEPARTMENT_ID,fh,String,fh,部门ID,fh,是,fh,无,fh,100,fh,0Q313596790','2016-04-27 03:49:39','数据权限表','single'),('bf35ab8b2d064bf7928a04bba5e5a6dd','system','Fhsms','SYS_,fh,FHSMS','CONTENT,fh,String,fh,内容,fh,是,fh,无,fh,1000Q313596790TYPE,fh,String,fh,类型,fh,否,fh,无,fh,5Q313596790TO_USERNAME,fh,String,fh,收信人,fh,是,fh,无,fh,255Q313596790FROM_USERNAME,fh,String,fh,发信人,fh,是,fh,无,fh,255Q313596790SEND_TIME,fh,String,fh,发信时间,fh,是,fh,无,fh,100Q313596790STATUS,fh,String,fh,状态,fh,否,fh,无,fh,5Q313596790SANME_ID,fh,String,fh,共同ID,fh,是,fh,无,fh,100Q313596790','2016-03-27 21:39:45','站内信','single'),('c7586f931fd44c61beccd3248774c68c','system','Department','SYS_,fh,DEPARTMENT','NAME,fh,String,fh,名称,fh,是,fh,无,fh,30Q313596790NAME_EN,fh,String,fh,英文,fh,是,fh,无,fh,50Q313596790BIANMA,fh,String,fh,编码,fh,是,fh,无,fh,50Q313596790PARENT_ID,fh,String,fh,上级ID,fh,否,fh,无,fh,100Q313596790BZ,fh,String,fh,备注,fh,是,fh,无,fh,255Q313596790HEADMAN,fh,String,fh,负责人,fh,是,fh,无,fh,30Q313596790TEL,fh,String,fh,电话,fh,是,fh,无,fh,50Q313596790FUNCTIONS,fh,String,fh,部门职能,fh,是,fh,无,fh,255Q313596790ADDRESS,fh,String,fh,地址,fh,是,fh,无,fh,255Q313596790','2015-12-20 01:49:25','组织机构','tree'),('c937e21208914e5b8fb1202c685bbf2f','fhdb','Fhdb','DB_,fh,FHDB','USERNAME,fh,String,fh,操作用户,fh,否,fh,无,fh,50Q313596790BACKUP_TIME,fh,Date,fh,备份时间,fh,否,fh,无,fh,32Q313596790TABLENAME,fh,String,fh,表名,fh,是,fh,无,fh,50Q313596790SQLPATH,fh,String,fh,存储位置,fh,否,fh,无,fh,300Q313596790TYPE,fh,Integer,fh,类型,fh,是,fh,无,fh,1Q313596790DBSIZE,fh,String,fh,文件大小,fh,否,fh,无,fh,10Q313596790BZ,fh,String,fh,备注,fh,否,fh,无,fh,255Q313596790','2016-03-30 13:46:54','数据库管理','single'),('e7d29c22b8af4db09e9e14eab38cf28d','wms','Country','WMS_,fh,COUNTRY','COUN_CODE,fh,String,fh,编号,fh,是,fh,无,fh,20,fh,0Q313596790COUN_C_NAME,fh,String,fh,中文名称,fh,是,fh,无,fh,20,fh,0Q313596790COUN_E_NAME,fh,String,fh,英文名称,fh,是,fh,无,fh,50,fh,0Q313596790REMARK,fh,String,fh,备注,fh,是,fh,无,fh,250,fh,0Q313596790','2017-03-19 21:39:13','国家','single'),('ecc3656ef6a34ddab0348553bd025372','wms','InventoryLocation','WMS_,fh,INVENTORYLOCATION','INVENTORYLOCATION_ID,fh,String,fh,备注1,fh,是,fh,无,fh,100,fh,0Q313596790GOODS_NAME,fh,String,fh,商品名称,fh,是,fh,无,fh,60,fh,0Q313596790GOODS_UPC,fh,String,fh,条码,fh,是,fh,无,fh,20,fh,0Q313596790LOCATION,fh,String,fh,库位,fh,是,fh,无,fh,20,fh,0Q313596790REMARKS_1,fh,String,fh,备注,fh,是,fh,无,fh,255,fh,0Q313596790REMARKS_2,fh,String,fh,备注2,fh,是,fh,无,fh,255,fh,0Q313596790','2017-03-19 17:41:19','库位查询','single'),('fe239f8742194481a5b56f90cad71520','system','Fhbutton','SYS_,fh,FHBUTTON','NAME,fh,String,fh,名称,fh,是,fh,无,fh,30Q313596790QX_NAME,fh,String,fh,权限标识,fh,是,fh,无,fh,50Q313596790BZ,fh,String,fh,备注,fh,是,fh,无,fh,255Q313596790','2016-01-15 18:38:40','按钮管理','single'),('ff6e6cdc87ba42579b033cf4925d4d70','dst','DataSource2','DS_,fh,DATASOURCE2','TITLE,fh,String,fh,标题,fh,是,fh,无,fh,100,fh,0Q313596790CONTENT,fh,String,fh,内容,fh,是,fh,无,fh,255,fh,0Q313596790','2016-05-23 15:51:46','第2数据源例子','single');

/*Table structure for table `sys_dictionaries` */

DROP TABLE IF EXISTS `sys_dictionaries`;

CREATE TABLE `sys_dictionaries` (
  `DICTIONARIES_ID` varchar(100) NOT NULL,
  `NAME` varchar(30) DEFAULT NULL COMMENT '名称',
  `NAME_EN` varchar(50) DEFAULT NULL COMMENT '英文',
  `BIANMA` varchar(50) DEFAULT NULL COMMENT '编码',
  `ORDER_BY` int(11) NOT NULL COMMENT '排序',
  `PARENT_ID` varchar(100) DEFAULT NULL COMMENT '上级ID',
  `BZ` varchar(255) DEFAULT NULL COMMENT '备注',
  `TBSNAME` varchar(100) DEFAULT NULL COMMENT '排查表',
  PRIMARY KEY (`DICTIONARIES_ID`)
) ENGINE=InnoDB DEFAULT CHARSET=utf8;

/*Data for the table `sys_dictionaries` */

insert  into `sys_dictionaries`(`DICTIONARIES_ID`,`NAME`,`NAME_EN`,`BIANMA`,`ORDER_BY`,`PARENT_ID`,`BZ`,`TBSNAME`) values ('0193ffbfae1e49e0b7810546cada316a','济南','JiNan','0030301',1,'10f46a521ea0471f8d71ee75ac3b5f3a','济南',''),('096e4ec8986149d994b09e604504e38d','黄浦区','huangpu','0030201',1,'f1ea30ddef1340609c35c88fb2919bee','黄埔',''),('10f46a521ea0471f8d71ee75ac3b5f3a','山东','ShanDong','00303',3,'be4a8c5182c744d28282a5345783a77f','山东省',''),('12a62a3e5bed44bba0412b7e6b733c93','北京','beijing','00301',1,'be4a8c5182c744d28282a5345783a77f','北京',''),('507fa87a49104c7c8cdb52fdb297da12','宣武区','xuanwuqu','0030101',1,'12a62a3e5bed44bba0412b7e6b733c93','宣武区',''),('66f1ff79b13947da98525aff7380ef50','高新区','gaoxinqu','003030101',1,'0193ffbfae1e49e0b7810546cada316a','高新区',''),('8994f5995f474e2dba6cfbcdfe5ea07a','语文','yuwen','00201',1,'fce20eb06d7b4b4d8f200eda623f725c','语文',''),('8ea7c44af25f48b993a14f791c8d689f','分类','fenlei','001',1,'0','分类',''),('be4a8c5182c744d28282a5345783a77f','地区','diqu','003',3,'0','地区',''),('d428594b0494476aa7338d9061e23ae3','红色','red','00101',1,'8ea7c44af25f48b993a14f791c8d689f','红色',''),('de9afadfbed0428fa343704d6acce2c4','绿色','green','00102',2,'8ea7c44af25f48b993a14f791c8d689f','绿色',''),('f1ea30ddef1340609c35c88fb2919bee','上海','shanghai','00302',2,'be4a8c5182c744d28282a5345783a77f','上海',''),('fce20eb06d7b4b4d8f200eda623f725c','课程','kecheng','002',2,'0','课程','');

/*Table structure for table `sys_fhbutton` */

DROP TABLE IF EXISTS `sys_fhbutton`;

CREATE TABLE `sys_fhbutton` (
  `FHBUTTON_ID` varchar(100) NOT NULL,
  `NAME` varchar(30) DEFAULT NULL COMMENT '名称',
  `QX_NAME` varchar(50) DEFAULT NULL COMMENT '权限标识',
  `BZ` varchar(255) DEFAULT NULL COMMENT '备注',
  PRIMARY KEY (`FHBUTTON_ID`)
) ENGINE=InnoDB DEFAULT CHARSET=utf8;

/*Data for the table `sys_fhbutton` */

insert  into `sys_fhbutton`(`FHBUTTON_ID`,`NAME`,`QX_NAME`,`BZ`) values ('029357ffef234a7bb082597ed5a9f05f','商品停用','productBlock','商品停用'),('3542adfbda73410c976e185ffe50ad06','导出EXCEL','toExcel','导出EXCEL'),('46992ea280ba4b72b29dedb0d4bc0106','发邮件','email','发送电子邮件'),('4c7f34b9eed54683957f356afcda24df','组织机构数据权限','Datajur','组织机构数据权限按钮'),('4efa162fce8340f0bd2dcd3b11d327ec','导入EXCEL','FromExcel','导入EXCEL到系统用户'),('8e37b263a8384fdeb1e27899d25a21c1','商品可见From','commonForm','商品可见From'),('c0db8ca9021b4f408f567c472f908f03','商品审核','productAuditor','商品审核'),('cc51b694d5344d28a9aa13c84b7166cd','发短信','sms','发送短信'),('ce0e9992013348f1bfdbc119329bfa99','商品私有From','privateFrom','商品私有From'),('da7fd386de0b49ce809984f5919022b8','站内信','FHSMS','发送站内信'),('e62efc5d61c543d5926565936efa14eb','停用商品库','productDisable','停用商品库'),('fc5e8767b4564f34a0d2ce2375fcc92e','绑定用户','userBinding','绑定用户');

/*Table structure for table `sys_fhlog` */

DROP TABLE IF EXISTS `sys_fhlog`;

CREATE TABLE `sys_fhlog` (
  `FHLOG_ID` varchar(100) NOT NULL,
  `USERNAME` varchar(100) DEFAULT NULL COMMENT '用户名',
  `CZTIME` varchar(32) DEFAULT NULL COMMENT '操作时间',
  `CONTENT` varchar(255) DEFAULT NULL COMMENT '事件',
  PRIMARY KEY (`FHLOG_ID`)
) ENGINE=InnoDB DEFAULT CHARSET=utf8;

/*Data for the table `sys_fhlog` */

insert  into `sys_fhlog`(`FHLOG_ID`,`USERNAME`,`CZTIME`,`CONTENT`) values ('010730c8b3ae4534a6a6aa07176e59af','admin','2017-04-06 21:20:16','登录系统'),('020b71b7ae844b4cae8bcd6636a1c09f','admin','2017-03-18 18:40:14','删除系统用户：{USER_ID=69a8805832814c78b61563b6e787bd40, tm=1489833614021}'),('02972cc2a0c14f81a65f37033b5829af','admin','2017-03-19 17:27:42','新增系统用户：erzong'),('02f2976dbb6d494080adf0f9373bc026','admin','2017-03-24 17:05:40','修改菜单null'),('02fd954d2d954df7bd229a959595d468','admin','2017-03-24 17:05:41','修改菜单null'),('0319dee3c9c24593ae236cfe77a43a74','admin','2017-04-07 14:53:06','修改菜单商品管理'),('032c330df35c4ed194b7732893e2bff4','erzong','2017-03-12 21:33:01','登录系统'),('03cd98c84cb543149bfc21a888f30f7a','ulinkadmin','2017-04-06 13:31:36','登录系统'),('065ce6a07db745589f24b43edccb70a7','admin','2017-04-07 14:52:44','退出'),('0672a97888034d0280f3a215026fa3c1','admin','2017-03-19 16:40:56','删除按钮权限{BUTTON_ID=da7fd386de0b49ce809984f5919022b8, ROLE_ID=3, guid=1489912856116}'),('06847671a4114f218bb83e011bdc8727','admin','2017-03-31 11:27:37','登录系统密码或用户名错误'),('06858cd72cd744f69ae43b143bbae0a9','admin','2017-04-08 17:16:43','登录系统'),('0769437e26674ae6a73987198ddb962f','admin','2017-03-12 21:40:57','修改菜单null'),('07dca7b235a54ff9a2e86ab0f13bcf79','admin','2017-04-07 14:52:51','登录系统'),('07ec4cf82ad649288aaca0f4730b7b8b','admin','2017-04-07 14:45:46','登录系统'),('086cf418ae764bb18bb7695a1d9118c3','admin','2017-03-12 21:33:05','删除按钮权限{BUTTON_ID=da7fd386de0b49ce809984f5919022b8, ROLE_ID=cb07d5c2ef46474b9c995e857e23f7c5, guid=1489325585327}'),('08e6fb0b6ad948eaaff577b86a848c57','admin','2017-04-07 10:05:23','登录系统'),('098191e2db1c4481a703fc7d167323a6','admin','2017-03-18 18:49:17','修改角色菜单权限，角色ID为:68f8e4a39efe47c7bb869e9d15ab925d'),('09f39328ea4e45fea3c2260109159c4b','admin','2017-03-18 18:47:53','修改角色菜单权限，角色ID为:68f8e4a39efe47c7bb869e9d15ab925d'),('0a4a8bafabb64ef49534fe35f3a66ba4','admin','2017-03-12 23:40:09','登录系统'),('0a6f3f0de1794def8bb6c9100091d40b','admin','2017-04-04 10:29:09','退出'),('0ac773b5d15648bcb6854e788224309b','admin','2017-04-03 10:00:03','登录系统'),('0b5790688ab9476d9ea7142571f4f6df','admin','2017-04-03 11:06:54','登录系统'),('0bd0e49f1fe6462ea709d90df2ed490d','admin','2017-03-18 18:40:26','修改角色菜单权限，角色ID为:3264c8e83d0248bb9e3ea6195b4c0216'),('0c231bca0e834e0da8137404f8252ae6','admin','2017-03-20 12:40:16','登录系统'),('0c3db42948234b20a5ab8d6f9eb87811','admin','2017-03-19 17:18:52','修改角色菜单权限，角色ID为:3264c8e83d0248bb9e3ea6195b4c0216'),('0d63ac023d1f480db2cbb6a71cf1becf','admin','2017-03-12 21:42:45','登录系统'),('0e0f6a20a4694bcfa283d6fe5a817e1f','admin','2017-04-08 17:18:07','登录系统'),('0e4ab9290e8342599eb503685b0b0f19','ulinkadmin','2017-03-18 18:45:42','登录系统'),('0e59c51c95054755889aa8d2519cb239','admin','2017-03-19 17:26:24','删除角色ID为:115b386ff04f4352b060dffcd2b5d1da'),('0e809f4a731c4088a70cbdaeb2352464','admin','2017-03-25 15:55:59','登录系统'),('0f411741755147b499fb8ee834e35b73','admin','2017-03-12 21:25:58','新增系统用户：erzong'),('0f8b0a3980d94a0cbe6e3d223eb337fb','admin','2017-04-07 10:22:13','登录系统'),('0fa9e9052ba245bb96faf9b78e26318d','admin','2017-03-19 16:36:53','修改角色菜单权限，角色ID为:115b386ff04f4352b060dffcd2b5d1da'),('107bd7af67e249d08673a442d89176bc','admin','2017-04-06 22:51:30','登录系统'),('10b20f3ed5264745bd058bdd139ff357','admin','2017-03-13 10:20:09','登录系统'),('10ff85e86b7a4d479abda3e4c7a63831','admin','2017-04-04 16:19:33','登录系统'),('1261856d234e406eb63f8978852a50fd','san','2016-06-06 03:09:11','登录系统'),('12e7a852b58f40e4bdb20e199c63a0d7','admin','2017-03-12 21:40:58','修改菜单null'),('12f8e795cf73478fa4b1b1b3557cb9af','admin','2017-03-19 17:24:20','修改add_qx权限，角色ID为:68f8e4a39efe47c7bb869e9d15ab925d'),('1332a9cc9b0a4740b8d27aa08435df5e','erzong','2017-03-19 16:39:32','登录系统密码或用户名错误'),('13e5c5a5b24b48c1a0b33b2f28383d04','admin','2017-04-05 21:06:26','登录系统'),('141a69847ee2456dbd9f1fc427705a54','ulinkadmin','2017-03-31 14:43:48','登录系统'),('14906a6f5624469c9a25677df05e9d2f','admin','2017-03-12 21:40:57','修改菜单null'),('14ab0a2deb8b43ddb0192f472d7245d7','admin','2017-03-24 17:05:04','删除按钮权限{BUTTON_ID=da7fd386de0b49ce809984f5919022b8, ROLE_ID=de9de2f006e145a29d52dfadda295353, guid=1490346304607}'),('1572e14a261242c995797b1b5d6d0214','admin','2017-04-04 16:49:05','登录系统'),('15895cef485343e5a44b95253fcdcff9','admin','2017-04-06 11:08:25','退出'),('1592150f21e54e23bf94701f00344490','admin','2017-03-13 00:12:40','修改菜单信息管理'),('159c2863690f4ee6b7eadfe3a754df73','admin','2017-03-18 18:38:36','修改菜单国家'),('163a6f80da594b7b98d9a9e8d6d0886c','admin','2017-03-23 21:59:12','登录系统'),('172abbbd29cc4b929a9168e16b626c28','admin','2017-03-12 21:15:35','登录系统'),('18c58ed05b3a4b669dd7187be5aaf078','admin','2017-04-06 22:03:03','从EXCEL导入到数据库'),('18cca7bafa24469aa25aacabbc6e9902','admin','2017-04-06 21:17:23','删除按钮权限{BUTTON_ID=c0db8ca9021b4f408f567c472f908f03, ROLE_ID=3264c8e83d0248bb9e3ea6195b4c0216, guid=1491484643189}'),('1a71894e153043acb42bfdf337700bff','admin','2017-03-24 17:05:40','修改菜单null'),('1ad62285c2f4439ab9c400b50311c777','admin','2017-04-06 21:48:43','从EXCEL导入到数据库'),('1af9ea611c2241509ea1eb1df73bcb97','admin','2017-03-13 10:21:33','登录系统'),('1b7446804ccf4bed98636738b8254fc7','ulinkadmin','2017-03-19 16:28:06','登录系统'),('1bb438c427034f81bc3c9df4e093d606','admin','2017-03-15 17:27:10','退出'),('1c4bf6726c3f47e1bd6643d7c3c822bf','admin','2017-04-04 10:34:58','退出'),('1c8f1a546bed4db49e05c5f511bb258d','admin','2017-04-05 11:19:45','登录系统'),('1ca9783fa5b8497ca821fa522fad47be','admin','2017-04-05 12:38:20','登录系统'),('1d04f485bdb44af19e760f2430cde0ca','admin','2017-03-19 16:37:00','修改add_qx权限，角色ID为:115b386ff04f4352b060dffcd2b5d1da'),('1d3b7f14544c4c37acbc52b63a3e8289','admin','2017-04-06 13:32:32','登录系统'),('1e0062e3bf7344f7a9ff7d0eac7b9f32','admin','2017-03-19 22:26:53','登录系统'),('1ecc52b9dcb047459ff8149f11d5c413','admin','2017-04-03 21:19:29','登录系统'),('1ee4a3cfd7f54ec8871937b1532a7238','ulinkadmin','2017-04-02 10:35:09','登录系统'),('1efd6977240b48e3bfd40ec7e0065dbe','ulinkadmin','2017-03-19 16:30:30','退出'),('1f6fb687291546f896d67e3416b531c7','admin','2017-03-19 17:19:57','修改add_qx权限，角色ID为:3264c8e83d0248bb9e3ea6195b4c0216'),('1f9c223c04d64c7f8669e813c3e356e5','admin','2017-03-19 21:15:34','修改角色菜单权限，角色ID为:1'),('1fc15aada2184cf79d42c15ad2e2b0de','admin','2017-03-20 11:49:51','登录系统'),('20d6f51a7f834e3c8e51113e99b7ec85','admin','2017-03-19 17:25:23','修改cha_qx权限，角色ID为:de9de2f006e145a29d52dfadda295353'),('211355c3e06b43f7bde5eceefa0f1621','admin','2017-04-06 21:42:26','从EXCEL导入到数据库'),('2122bdca3e1f42cc9d60e5db1f96215b','kuwei','2017-04-01 14:31:30','退出'),('21250f4a6a4c489fba33e12242b7aad0','admin','2017-03-19 16:54:04','登录系统'),('21abecc7ec9b441099b3cd3d22b08284','admin','2017-04-05 16:02:30','登录系统'),('21c5c492dcbb403eb9cb98c6b84efea9','admin','2017-04-04 10:31:20','新增菜单纸箱管理'),('220f235d99784dbdbb67d657dc38faee','admin','2017-03-19 17:23:55','修改edit_qx权限，角色ID为:68f8e4a39efe47c7bb869e9d15ab925d'),('22510566b6d141fda4bc5aa5e12a2e85','admin','2017-03-18 23:20:42','登录系统'),('22594064b2904dcf8cf50c94fdf6ee73','admin','2017-03-24 17:05:40','修改菜单null'),('22dfe33b51734805bb47114dc2c1780e','admin','2017-04-03 11:47:54','登录系统'),('2408af6ef09347c78b11b5e2f3c194a9','admin','2017-03-20 11:47:15','登录系统'),('24ba2e209cb24dd786a2b4fda135fbbd','admin','2017-03-25 15:43:30','登录系统'),('24e91a91654f46e894c669fad451af0d','admin','2017-04-04 19:45:21','登录系统'),('25299ed24ea94a199f8a6f220f26dff2','admin','2017-03-13 00:12:44','修改菜单数据库管理'),('25478a39a1c145d19a3759dd145647a1','ulinkadmin','2017-03-30 21:41:43','登录系统密码或用户名错误'),('25a6ccd7ddb948dba0521f13eb9ff20e','ulinkadmin','2017-03-18 18:52:27','退出'),('25ced2d8100b400ba89666ac08da6dad','admin','2017-03-19 16:24:19','登录系统'),('2608a73dde0e48599069ae4e596e6c1e','admin','2017-03-19 17:23:32','删除按钮权限{BUTTON_ID=3542adfbda73410c976e185ffe50ad06, ROLE_ID=3, guid=1489915412088}'),('26f8140ce9fd4ca097a0735ce80b0915','admin','2017-04-05 14:50:47','登录系统'),('26ff72a679874651b13d81ef90d5a3a8','admin','2017-04-06 09:06:28','登录系统'),('274e3966159b484e9ba071deb778693f','admin','2017-04-07 09:19:08','登录系统'),('27a9e8743b49453db04023cd3d197c04','ulinkadmin','2017-04-06 13:34:39','登录系统'),('27c79b2871d34262888490b9e2ab9651','admin','2017-03-25 15:28:29','登录系统'),('27fb3f6f76aa4d61b4756f0a5ac08cd9','admin','2017-04-07 10:55:46','登录系统'),('295ad25a042845ffadf98a3e9ca04eb7','admin','2017-03-24 17:03:28','登录系统'),('29f49f54a3c7465fb37e23d5c30b110e','admin','2017-04-01 14:23:35','登录系统密码或用户名错误'),('2a06540dfbdd4600a6b1bcd83c805430','admin','2017-03-16 00:18:07','登录系统'),('2a7d6c3b060749ac9055709ca925c870','admin','2017-03-25 15:58:27','登录系统'),('2aac7bb8251b4b72a17f19d95d6334bf','admin','2017-04-06 22:02:50','登录系统'),('2af57df49cab4436ad509da8b08e9b21','admin','2017-04-06 11:07:29','修改cha_qx权限，角色ID为:3264c8e83d0248bb9e3ea6195b4c0216'),('2b2171bf1f484626b0b13ae97ae9ca72','admin','2017-04-04 10:34:56','修改角色菜单权限，角色ID为:1'),('2b24eb5b04e446b5aa2de1d233dbf04c','admin','2017-03-13 13:38:59','登录系统'),('2b324a649fee42be8d4cfd7f41a8fc24','admin','2017-03-24 17:05:40','修改菜单null'),('2c129cae67ce422dac77ce0342c2c7c0','erzong','2017-03-19 16:40:27','登录系统密码或用户名错误'),('2cc6cfc03cac484680d71dc0daaddf2a','admin','2017-03-15 17:49:49','退出'),('2d7c88341fa145249aa76132a063795c','admin','2017-03-25 20:33:30','登录系统'),('2e1614fead0644a6bfe9d5a55decb4b9','admin','2017-03-12 21:15:31','退出'),('2f2b7f2dde324f9390c03d07320d6a7d','admin','2017-03-12 21:11:12','登录系统'),('2f39a0b5b37641388660a2c3481e7cdc','admin','2017-04-02 22:17:53','登录系统'),('302e03e7c92f46e0be866d7395e1d8d4','admin','2017-03-12 21:40:57','修改菜单null'),('31619a2af3294148a12d512579dd6165','ulinkadmin','2017-03-31 14:08:13','登录系统'),('31c8d5dc33b54062bd6fefd3f1c6451c','ulinkadmin','2017-04-06 21:17:35','登录系统'),('3219e3812ecd410ebd8adcadc0cc943e','admin','2017-03-24 17:05:08','删除按钮权限{BUTTON_ID=46992ea280ba4b72b29dedb0d4bc0106, ROLE_ID=de9de2f006e145a29d52dfadda295353, guid=1490346308545}'),('326f6f979a03419aa563e668582bb513','admin','2017-04-06 11:11:27','退出'),('34713e9a65374b368e0aa57174e027e4','lch','2017-03-18 18:53:56','登录系统'),('3477dda98ffb42e58e5b92268a5c103c','admin','2017-04-06 13:28:50','退出'),('34999ada102b4203a8cbc1d8acf9126b','admin','2017-03-20 13:07:32','登录系统'),('34e3eb6980da4a54bf836db6904a7ce4','yewu','2017-04-02 08:58:18','登录系统'),('35141b87e5fe480aa8881fac0fc20f9f','admin','2017-03-25 15:48:43','登录系统'),('3565a8cfa20541dcb5a89922175ec913','admin','2017-03-12 21:20:35','新增角色:库位查询'),('35722fa5e6444c1fb9dac1cc49f18246','admin','2017-03-18 19:02:07','登录系统'),('3597845ff751469392db8a71c5c9ef36','admin','2017-04-06 21:45:32','从EXCEL导入到数据库'),('35e28b94044f4d96b756d41ceb9f181a','admin','2017-04-08 17:18:03','退出'),('36db2f67363f4aad8e1fcd8cfc228bb4','admin','2017-03-19 16:40:55','删除按钮权限{BUTTON_ID=cc51b694d5344d28a9aa13c84b7166cd, ROLE_ID=3, guid=1489912855222}'),('37d9bbb9344b45ec9aa2c85df6e862cb','admin','2017-04-07 14:49:00','登录系统'),('37f81ca6ddae4abf83ea878e3b10968e','admin','2017-04-05 16:07:09','登录系统'),('3883b695abb14b38858697b2ec62d08b','ulinkadmin','2017-04-06 13:34:58','退出'),('388b8cb0c6ef4257b0cbdd7c533ec9aa','admin','2017-04-04 10:29:14','登录系统'),('38c1af36cb9148fd998e6b5f4e0f0ffb','ulinkadmin','2017-04-01 14:41:24','登录系统'),('38e0fce4fbc941bcb6107af0ce52cb65','admin','2017-04-06 11:05:50','删除按钮权限{BUTTON_ID=ce0e9992013348f1bfdbc119329bfa99, ROLE_ID=3264c8e83d0248bb9e3ea6195b4c0216, guid=1491447950077}'),('3aef520fd1b2472e8821759bb8103fd7','lch','2017-03-18 19:09:19','登录系统'),('3b15b5f1a06c43b8a6ad210b161dc552','admin','2017-03-19 20:56:00','登录系统'),('3cec108bd57d4e948dfdc929f43a6a12','admin','2017-03-12 23:40:51','登录系统'),('3cfa1b8233cc4b0386e7c8486f67ed84','admin','2017-03-24 17:14:56','登录系统'),('40732e88397e4e19923b9745123dad9f','admin','2017-03-24 17:05:41','修改菜单null'),('4090e9fcab3543fc90a3d07bf6df4b26','admin','2017-04-08 15:06:36','退出'),('40b0a49cf5a7425eb16ce845c468a7a0','admin','2017-04-07 14:53:08','退出'),('40b4710fb5ae4650b3fd3ced3f8c5e9f','admin','2017-04-06 13:35:07','登录系统'),('40bf5b9a060141958d49f8e5269afcdd','admin','2017-03-24 17:05:41','修改菜单null'),('40ff190ad2dc49e4ba1a00879bca1cbb','admin','2017-03-20 11:23:52','登录系统'),('4197bd7a17334ffdb530c5b135af2ea8','admin','2017-04-06 13:28:22','新增按钮权限pd{BUTTON_ID=8e37b263a8384fdeb1e27899d25a21c1, RB_ID=a34251a8a8b348c0aac38a631ae77d9a, ROLE_ID=3264c8e83d0248bb9e3ea6195b4c0216, guid=1491456502877}'),('419a3853b43b4797981b9a3fe4355b82','admin','2017-03-19 16:33:02','修改角色菜单权限，角色ID为:3264c8e83d0248bb9e3ea6195b4c0216'),('41b28a3a49044dba935b75216e2483b8','admin','2017-03-24 17:05:41','修改菜单null'),('42b06416caa544debdb690140343d140','admin','2017-03-30 21:41:30','登录系统密码或用户名错误'),('42bff60085e4479183810b8c54f1f689','admin','2017-04-06 21:17:10','登录系统'),('4313214f98224498bb11378341148746','admin','2017-04-06 22:25:47','从EXCEL导入到数据库'),('43ac990f8bee4a47ab9c327a7774a50c','admin','2017-03-12 23:40:23','登录系统'),('44d4d6ced7774f84aa2e08c5b2dfd516','admin','2017-03-12 21:22:14','删除系统用户：{USER_ID=151aeac5570e4059b06329b65095f6a6, tm=1489324934537}'),('452500a59eea45ff903bb9a7c97b2845','admin','2017-04-02 22:22:44','登录系统'),('45b3225426644919b195d73dffa95ee0','admin','2017-03-13 00:07:24','修改菜单库位查询'),('45cb2c9b2141496980cb70780470cc65','admin','2017-03-12 23:40:40','修改角色菜单权限，角色ID为:1'),('462cfdd762e042f791edac199bbd72ff','admin','2017-04-03 19:21:33','登录系统'),('465aea0de18541daa82d76d76f9be509','admin','2017-03-19 16:42:09','新增按钮权限pd{BUTTON_ID=fc5e8767b4564f34a0d2ce2375fcc92e, RB_ID=3e41394f71584a2f896c61561693b376, ROLE_ID=115b386ff04f4352b060dffcd2b5d1da, guid=1489912929651}'),('473368d5763b403ca6e73fce4ca8d880','admin','2017-03-12 21:32:06','新增按钮权限pd{BUTTON_ID=da7fd386de0b49ce809984f5919022b8, RB_ID=e500652cc5564d74a95816a16ec3af14, ROLE_ID=cb07d5c2ef46474b9c995e857e23f7c5, guid=1489325525944}'),('48c463fc36774d6d8f784a71a737599f','admin','2017-04-03 11:25:23','登录系统'),('49c8a808ba8841ce912d020db90522f2','admin','2017-03-18 18:56:17','退出'),('49c953ff41fc4ae49ca2315cf1747012','admin','2017-04-02 22:06:45','登录系统'),('49f31b518c3d46b18fc848d7d37a7473','admin','2017-03-19 17:25:50','修改add_qx权限，角色ID为:68f8e4a39efe47c7bb869e9d15ab925d'),('4a1223a4192249c3b27858790a41b4bd','admin','2017-03-12 22:33:49','登录系统'),('4a3a335601364f38952f59715fcc29a7','admin','2017-04-06 11:07:38','修改del_qx权限，角色ID为:3264c8e83d0248bb9e3ea6195b4c0216'),('4af6078617fb494d8eda6d25f618bea9','admin','2017-03-18 21:47:20','登录系统'),('4b9079e09dc84ddd884468729dc79f3e','admin','2017-04-06 22:08:36','从EXCEL导入到数据库'),('4c8bfc9b1b10446ca0645e5ebf2455f5','admin','2017-03-15 17:27:14','登录系统'),('4d30f679a709463e833a4a20a7184dbf','admin','2017-04-05 16:06:58','退出'),('4d86f7968aec45a5a9ef5f5d405ff62b','admin','2017-04-06 22:09:45','登录系统'),('4e3d8c9e5d2c4bfd8d35ae85334eeb5b','admin','2017-03-19 17:20:39','修改add_qx权限，角色ID为:3264c8e83d0248bb9e3ea6195b4c0216'),('4e732c68e6654884a56c46e5d0aca948','admin','2017-03-18 19:01:39','退出'),('4e7edb4156a542c8a3367cdfaf18d276','admin','2017-03-24 17:05:41','修改菜单null'),('4ef3f5790bf14be082dd4776041170d6','admin','2017-04-03 12:08:57','登录系统'),('4f4ef637bf6a40ba839c31a3368a08e6','admin','2017-03-24 17:05:03','删除按钮权限{BUTTON_ID=cc51b694d5344d28a9aa13c84b7166cd, ROLE_ID=de9de2f006e145a29d52dfadda295353, guid=1490346303509}'),('4fd84c02b3c44fab9e834e5604903035','admin','2017-04-08 17:17:34','修改菜单商品管理'),('502ecefb83e74447b486d423f04f956e','admin','2017-03-13 12:42:05','登录系统'),('5069aeea4ab1479cb2a5ba57126f7b7e','admin','2017-03-12 21:40:57','修改菜单null'),('5081d8e0828c486088913332d8dbaef4','admin','2017-04-06 22:28:12','从EXCEL导入到数据库'),('50a07eeb03c84c1492b18529f328b6fc','erzong','2017-03-12 22:49:36','登录系统'),('516707430c1944f0bb76b765736271f8','admin','2017-03-15 19:02:48','登录系统'),('516fada7466f49cd8d1f7975deaee2fc','admin','2017-04-03 19:43:21','登录系统'),('51b29689862943a4ab1a32da9291fb92','admin','2017-04-05 14:50:48','退出'),('51b8dac821544dccaa55f0809fbf4621','admin','2017-03-25 10:52:41','登录系统'),('51d7869eb4a940aa889114b348a765c6','erzong','2017-03-12 21:32:51','登录系统'),('52f2d2b6de84447b82b911ab63d4f019','admin','2017-04-06 21:16:11','登录系统'),('530b0ea2a41b4639a394d71b96fad8ee','admin','2017-03-16 10:36:33','登录系统'),('53b0c45be66c48758c83905305d87fc2','admin','2017-03-12 21:40:57','修改菜单null'),('53f34a01aacd4875a5988890e2e29558','admin','2017-03-20 13:15:30','登录系统'),('54004a0b609148478dc282deb9343bf8','ulinkadmin','2017-03-30 21:41:47','登录系统密码或用户名错误'),('54149f2744c04dafa5b6360515657c76','erzong','2017-03-12 21:49:15','登录系统'),('546afc31f0604312a6889649a5c09d66','erzong','2017-03-12 22:51:31','登录系统'),('5553297a626444aab1a3618026d9fd3d','admin','2017-03-23 22:23:17','退出'),('569e56a8568d4087803b341c618be394','admin','2017-03-18 18:41:17','修改角色:系统管理员'),('5711f93bce97445bab99821fedfa1993','admin','2017-04-06 22:06:05','登录系统'),('5761ad55f6b14f4eb3f696764fab85f6','lch','2017-03-18 18:53:22','登录系统密码或用户名错误'),('57b57d9c89a64db9ad505dd3f60c50a2','admin','2017-04-06 21:40:54','从EXCEL导入到数据库'),('57db0552832048b2ac7888b8ebf9f8d6','admin','2017-04-06 11:09:19','登录系统'),('580e2ad611594f54905dc2e5f5d7f374','admin','2017-03-25 13:53:18','登录系统'),('5845e56f85b44b28b9583e8ca128e0d8','admin','2017-04-05 22:19:05','登录系统'),('584b66da245a49528e42d1c576ad81d5','kuwei','2017-04-01 14:29:57','登录系统'),('58580b2ce0ec489aae0a2c028be491d6','admin','2017-03-20 11:43:19','登录系统'),('589638969d814b228e19642560619cc2','erzong','2017-03-19 17:27:56','登录系统'),('58efb2e273af4e618e69177ecf668829','admin','2017-04-03 10:25:14','登录系统'),('58fd26587949498e9924672051befce7','admin','2017-04-04 20:35:50','登录系统'),('590a6d850d9d4615a8f33a68921468b5','admin','2017-04-06 22:24:20','从EXCEL导入到数据库'),('59dc2e42e626409ca49445aab007f03b','admin','2017-03-19 17:22:11','修改cha_qx权限，角色ID为:3'),('59eddd7af903466a8525742378c4d0ea','admin','2017-04-06 21:17:04','退出'),('5a4fd1b8c1c44c06b774efa3c0cbdb88','admin','2017-03-13 10:17:52','登录系统'),('5ad8e20b7eb34bf5ba4d3d6132daa862','admin','2017-03-19 17:19:40','修改角色菜单权限，角色ID为:68f8e4a39efe47c7bb869e9d15ab925d'),('5b62ff3249fa4f7f9a0121c736c0b740','admin','2017-04-05 14:51:14','登录系统'),('5d5d8e5da0544840b191ae25672aa609','admin','2017-04-03 12:19:22','登录系统'),('5db0e35e64654c2891ec86514e2fbe7f','san','2016-06-06 02:28:46','登录系统'),('5df61cfccc4546ad871ef83acec016ef','admin','2017-04-03 19:48:18','登录系统'),('5e8d872a75a0461cbd3d62e870a2bdb6','test','2017-03-19 17:30:34','退出'),('5ee26bd05b1747238549814ba344868f','admin','2017-04-02 22:30:45','登录系统'),('61ba3a8552cf43a3b8301d2563f4ce88','admin','2017-03-13 00:12:32','修改菜单系统工具'),('632852d38b364d349c888a4fdf2a8c6f','admin','2017-03-25 15:17:03','登录系统'),('6354d26c72184868ab92335482720990','admin','2017-04-06 21:32:47','从EXCEL导入到数据库'),('642282e68b6a439c9212af75c1ca3b5e','admin','2017-04-04 10:33:36','新增菜单行邮管理'),('643856f44e7c497da51add626941cb71','admin','2017-03-13 00:06:01','修改菜单库位查询2'),('650ef825df6241f393b189393366763b','admin','2017-04-04 16:40:19','登录系统'),('658120d4f50f4ebf84d8e795ddd3b561','admin','2017-04-06 21:43:44','退出'),('660b7ae3bbe44e2eb98de7d31b348a62','admin','2017-03-12 21:40:58','修改菜单null'),('662b571551ee46d8a1534cdd8a388aa5','erzon','2017-03-19 16:45:24','登录系统密码或用户名错误'),('66512a6e6c6b4844beb4de0660e11f12','admin','2017-03-25 20:39:45','退出'),('66727d7ae1674bdfa0ee0bc308489d82','admin','2017-03-18 19:02:32','登录系统'),('66a35a12599a4153a34c461b720247a5','admin','2017-03-16 10:42:43','登录系统'),('672e5b2118f442258878440cc79e3ef2','admin','2017-04-08 17:16:39','退出'),('678debdc13c9461697b301c2d1427712','admin','2017-04-02 10:52:35','登录系统'),('67ef5578f6f94d6998c915fab89cfddb','admin','2017-04-06 22:29:19','从EXCEL导入到数据库'),('682e27658b584c20ab75790fcfd6cabc','erzong','2017-03-12 22:45:38','登录系统'),('684a44da5107458a803cd403c0eb4c2a','admin','2017-03-12 22:13:41','修改cha_qx权限，角色ID为:cb07d5c2ef46474b9c995e857e23f7c5'),('6901298c1f4c4a7fba0b2a8d2b28af2f','erzong','2017-03-12 22:49:22','登录系统'),('6a8f8a1043444e3cb418957120f2a35a','admin','2017-03-20 11:23:11','登录系统'),('6b21128577464eb6aae3582a97bdbe8b','admin','2017-03-18 18:40:11','删除系统用户：{USER_ID=280417faf62348ad82de85fa82206c85, tm=1489833611290}'),('6b44b746057a4bd8a73bdbace898260d','admin','2017-04-02 22:09:32','登录系统'),('6d0a0cb0585643a58da9b1c6657fb520','admin','2017-03-25 15:20:37','登录系统'),('6d1a649cc0e84e6fba6e0a9b7d64c3c9','admin','2017-04-05 12:38:16','退出'),('6d568f105de1404f87acdf302196feb4','admin','2017-03-23 22:30:09','登录系统'),('6db866ca8b32441ca5d9932b83c500fe','erzong','2017-03-17 16:36:42','登录系统'),('6e62cdab3ea049e7820cbd662bc19cc2','admin','2017-04-03 09:47:05','登录系统'),('6ee42fbef4044ce593438a9a5b955701','admin','2017-03-24 17:06:55','登录系统'),('6f41948d3cb747be89a73b80c6a33661','admin','2017-03-12 21:40:57','修改菜单商品库位查询'),('6f7f334404a94efa8519f9fb05d05189','admin','2017-04-06 13:28:55','登录系统'),('6fb433bf46ca4bbf9c2be3ae7a983ad2','admin','2017-03-12 21:22:28','删除系统用户：{USER_ID=eded77bdf35347249b2bacfa181c869d, tm=1489324948591}'),('7014a3b604a24adf927135e0408873e1','erzong','2017-03-17 16:45:31','登录系统'),('70e263c44cd249a393e13355dda7a84e','admin','2017-03-25 20:39:49','登录系统'),('715076972b9044a9a04cfb382862e04c','admin','2017-04-03 19:57:12','登录系统'),('71bba58daa874682aa63c04714bed660','admin','2017-03-12 23:30:39','登录系统'),('71de8415d4444c0ba8325e05f4ab2765','admin','2017-03-18 18:56:25','登录系统'),('7213dcc1a09d41808abff6476d1e3299','admin','2017-03-24 17:07:53','登录系统'),('728b29637aca4994bbb9f6801fd19b76','erzong','2017-03-12 22:34:19','登录系统'),('72ddb0faf0b743aaab5f1317b7c016a3','admin','2017-03-18 18:53:52','修改系统用户：lch'),('72fe29d38955453b888f6fb81411fe7f','admin','2017-03-19 16:53:56','退出'),('730502f9958f4664a41c0cb3fa7539a3','admin','2017-03-12 21:46:36','登录系统'),('734632eaff4946dcb0bb61e45cacfc29','admin','2017-04-06 11:06:11','新增按钮权限pd{BUTTON_ID=da7fd386de0b49ce809984f5919022b8, RB_ID=103e3abf051c40b88b3a2b1b6f9bbf02, ROLE_ID=3264c8e83d0248bb9e3ea6195b4c0216, guid=1491447971530}'),('73aa6b2027344a41a5d2aca5e704bb0b','admin','2017-03-15 15:29:42','登录系统'),('73dabe37e4bd45988319107e2454b01c','admin','2017-04-06 11:06:24','新增按钮权限pd{BUTTON_ID=cc51b694d5344d28a9aa13c84b7166cd, RB_ID=d005fe4116b242ce9c71a0edfa15a09e, ROLE_ID=3264c8e83d0248bb9e3ea6195b4c0216, guid=1491447984829}'),('73ddcd75aeda43a381fcaedcf21c04f6','admin','2017-03-20 12:21:33','登录系统'),('74b31b5daa2e4d60b9bcfb4062b4d829','admin','2017-03-24 17:05:41','修改菜单null'),('74c742281e60470092ffbd66cd9770a0','admin','2017-04-06 22:09:03','从EXCEL导入到数据库'),('74f428180f004ba794cac625162f7ae1','admin','2017-03-18 18:40:37','修改角色:超级管理员'),('752b107413aa45d7977e4037bc9b2b35','lch','2017-04-01 14:24:59','登录系统密码或用户名错误'),('753902827de04c47a659ab5d201c41c6','admin','2017-03-20 11:42:04','登录系统'),('75763f8bf85645598fa7ddcf28b302f4','test','2017-03-19 17:29:58','登录系统'),('761887dd21a34c63b84ff2ac6d670d73','admin','2017-03-15 17:49:54','登录系统'),('7671feee06d142e3ad2dae71a304e907','hkadmin','2017-03-30 21:40:16','登录系统密码或用户名错误'),('775bd0a09ed343e7bc48830227708233','admin','2017-04-06 11:07:34','修改edit_qx权限，角色ID为:3264c8e83d0248bb9e3ea6195b4c0216'),('77aa16014e084f199a636c60767da664','admin','2017-03-18 18:38:52','退出'),('78dc20687c3f47fd94d01cae8f2a9045','admin','2017-04-01 14:23:41','登录系统密码或用户名错误'),('799e05e1a8444e678c541f6746f7f277','admin','2017-03-19 21:31:33','登录系统'),('79ab0d66f05d48c7a81f08f151a68778','admin','2017-04-05 10:11:36','登录系统'),('7a1ae4b9882b490dae58ef9734818ccf','admin','2017-03-30 21:41:22','登录系统密码或用户名错误'),('7a448a03d1154d27b485cbcd91110a1f','admin','2017-04-04 20:31:38','登录系统'),('7a9cb38fed3345e781abcfc5c2761265','admin','2017-04-05 22:03:41','登录系统'),('7abdff45c1524a24a4dab9a3a10c30e0','admin','2017-03-18 18:46:09','修改add_qx权限，角色ID为:3264c8e83d0248bb9e3ea6195b4c0216'),('7ad83c6a09f745929537ec73ce3dcbea','admin','2017-04-03 19:26:15','登录系统'),('7b5d25757bed43d1b51c66b2e16561f6','erzong','2017-03-12 23:03:27','登录系统'),('7c45298e2a1a4132960c24fdc840f8de','admin','2017-03-19 16:35:08','修改角色菜单权限，角色ID为:3264c8e83d0248bb9e3ea6195b4c0216'),('7c46008f65c247e486dc78f00f08e687','admin','2017-03-12 23:40:47','退出'),('7c7ac83ccb98458c9f34d6a93d47d290','admin','2017-04-02 22:09:19','修改角色菜单权限，角色ID为:1'),('7d222770ec5243fda101ab472f75602d','admin','2017-03-18 19:02:10','退出'),('7d402495538e40f5bfd2b8986e9407ec','admin','2017-04-06 22:20:55','从EXCEL导入到数据库'),('7d4fbf3277034ee4b7ba3f3dcb76251c','admin','2017-03-12 22:13:20','修改del_qx权限，角色ID为:cb07d5c2ef46474b9c995e857e23f7c5'),('7d69053d53e44adc92a56981ec785e26','admin','2017-04-04 10:27:01','登录系统'),('7d8e4236c5014462bec610f8198166c3','admin','2017-03-18 21:49:32','登录系统'),('7db2333d12324e04ad832cdd2c6d6644','admin','2017-04-08 15:20:36','登录系统'),('7e35bda4ad9e466f91bf388d21b88cfe','admin','2017-03-19 17:25:08','修改add_qx权限，角色ID为:de9de2f006e145a29d52dfadda295353'),('7ef905edf21546a8919e0dbc1c13d146','test','2017-03-19 17:17:30','新注册'),('7f2400be57cb48b5985bff0f9d58df22','admin','2017-03-19 16:36:47','修改角色:库位查询'),('7f59d3ed040540b7bb5e9accaa96eaf0','admin','2017-04-01 14:24:20','登录系统密码或用户名错误'),('7fb78f64e437404ebcbd0479a4d9b19b','admin','2017-03-19 17:23:07','修改del_qx权限，角色ID为:3264c8e83d0248bb9e3ea6195b4c0216'),('7fe324bc6f874733ab802ed2705c82e9','admin','2017-03-24 17:05:40','修改菜单国别设置'),('803ac0cbbcef4cbabd7adb5c6c034b1c','admin','2017-03-24 17:05:41','修改菜单null'),('80bfa70eff614e779a800d9f0c50c97d','admin','2017-04-08 15:20:25','修改菜单包材管理'),('810720a2d18146cfa6d9061c0b971840','admin','2017-03-18 18:49:34','修改cha_qx权限，角色ID为:68f8e4a39efe47c7bb869e9d15ab925d'),('811ab699d7cd42e2a5504883c8093aea','admin','2017-04-06 22:46:54','从EXCEL导入到数据库'),('829e27773dc140fc82b01497d348327f','admin','2017-03-19 16:42:12','删除按钮权限{BUTTON_ID=fc5e8767b4564f34a0d2ce2375fcc92e, ROLE_ID=115b386ff04f4352b060dffcd2b5d1da, guid=1489912932398}'),('830a207091ca43709dfb5f68805596a9','admin','2017-04-03 11:52:28','登录系统'),('832a509012094517bfd27c061ae3a770','admin','2017-03-20 13:17:25','登录系统'),('83308b77324f4f4a890fb5ba81275f1d','admin','2017-04-02 22:27:08','登录系统'),('8354cf82c67748a1962dcfed2a3729f3','admin','2017-03-24 17:05:01','删除按钮权限{BUTTON_ID=4efa162fce8340f0bd2dcd3b11d327ec, ROLE_ID=de9de2f006e145a29d52dfadda295353, guid=1490346301385}'),('83f60230fb7f4e31a240cec15c89bb06','admin','2017-03-17 16:32:54','登录系统'),('840f7574eb50402696491672258d87ec','admin','2017-04-06 22:09:56','从EXCEL导入到数据库'),('842525ad856c40c5b6122fb41fc41f38','admin','2017-03-24 17:05:40','修改菜单null'),('8456313cfd4f4c13b7f74010a2bff699','admin','2017-03-13 00:08:54','修改菜单微信管理'),('848253fd2ae64934a7fe7581bfcaa92c','admin','2017-03-18 18:48:50','修改del_qx权限，角色ID为:68f8e4a39efe47c7bb869e9d15ab925d'),('84a9c0103b664354a5c1ff47339132de','ulinkadmin','2017-04-02 10:52:26','退出'),('84d20cef6540402d81bc5a47afe31182','admin','2017-04-04 10:34:47','新增菜单包装管理'),('85262de699a247dcb6d7190de9a7de3b','ulinkadmin','2017-04-02 10:39:56','登录系统'),('852a8f7b0e3247a3ba8d41edb72a9d28','admin','2016-06-06 02:28:38','退出'),('854222bb6d0d4333a79b148c9eb8dee6','admin','2017-04-06 22:07:43','从EXCEL导入到数据库'),('865f2aaf10fc4f8785274d253502fc07','admin','2017-03-20 11:25:25','登录系统'),('86a41e1184f44590983f97c7411f655c','ulinkadmin','2017-04-02 10:42:19','登录系统'),('86a9b66d5e4843df8107f9e7ef37bce7','admin','2017-04-06 21:47:54','从EXCEL导入到数据库'),('86d24f29e6e14f1792633381f59a00e2','admin','2017-04-08 17:15:51','登录系统'),('87350dfdfde64ffa822137e63165dd71','admin','2017-04-07 14:53:13','登录系统'),('87890e831eee4df39624e1e4f5adb42b','ulinkadmin','2017-03-30 21:53:52','登录系统'),('87c7f863a2e64c98a314d7f3c584f3ac','admin','2016-06-06 02:27:47','登录系统'),('8823be5c8c984987975b7f344490cf93','admin','2017-04-08 15:02:51','登录系统'),('882d707b2ca34fa59828a5a749d8016a','admin','2017-03-12 21:22:06','删除系统用户：{USER_ID=896496bf0906410d8495110e1b14f69e, tm=1489324926457}'),('88420091a5924e6aa92ae4931e0bfe55','admin','2017-03-13 10:21:05','修改系统用户：admin'),('884f2c4b84d545b6a2c03a53b283f1fa','admin','2017-04-03 11:29:39','登录系统'),('895bb9497c574080ba824eef9a40c97b','admin','2017-03-12 21:40:58','修改菜单null'),('89726ae2a1334d36847ffaa3b0189bfa','admin','2017-03-12 21:15:19','登录系统'),('8b141a9d221e43d097d54a1dc6cfc475','ulinkadmin','2017-04-02 10:39:10','登录系统'),('8c11c5ffd0f841f2b0e259df301cc424','admin','2017-03-12 21:40:57','修改菜单null'),('8cae0ac9047b4558bb3092c309991bbd','admin','2017-03-16 10:01:29','登录系统'),('8d0a3d8f48f443fcb3ea21b14693577a','admin','2017-03-12 21:40:58','修改菜单null'),('8d6d4a8de82f49f298f88f0bf1856804','admin','2017-04-04 20:44:26','登录系统'),('8dae0bf1bcaf464096021acfec47d176','ulinkadmin','2017-04-01 14:27:42','新增系统用户：yewu'),('8de8010dfe2a47e1bd03228cd03c33e4','admin','2017-03-12 22:13:36','修改edit_qx权限，角色ID为:cb07d5c2ef46474b9c995e857e23f7c5'),('8df86007172147789db3b1bb10fb0513','erzong','2017-03-12 21:28:28','登录系统'),('8e425a0acabe4a3dbd4005d34e827a3f','ulinkadmin','2017-04-01 10:43:26','删除系统用户：{USER_ID=30138cce0e4541209e0f52d7c913664b, tm=1491014606431}'),('8e68e4560dc44d638fa4fb3b77caefa9','admin','2017-04-05 22:48:15','登录系统'),('8e72d709d08d45208e0857ccba42346b','erzong','2017-03-12 22:14:11','登录系统'),('8e858dba595a4708a97435f9ab5f73c2','admin','2017-03-12 21:15:22','退出'),('8f68c2995aae4e3b8bdc6c5b0712bf74','admin','2017-04-07 08:48:23','登录系统'),('8f8376fcb171487d8e2b142c5ca8f3aa','ulinkadmin','2017-04-06 21:20:07','退出'),('8fbce426998c4aeb8c6eb3b2d71cce2c','admin','2017-03-12 21:40:57','修改菜单null'),('905cadd055b847cb9dce295861a1dbf2','san','2016-06-06 02:29:18','修改角色菜单权限，角色ID为:3264c8e83d0248bb9e3ea6195b4c0216'),('915e400167fd45c38a8716b3adafb0a8','admin','2017-03-13 13:35:20','登录系统'),('91cbe03c36744947937941e761b43425','ulinkadmin','2017-04-06 11:09:11','退出'),('92339508b6be4c7581a9af375dcb4527','admin','2017-03-12 21:22:34','删除系统用户：{USER_ID=9991f4d7782a4ccfb8a65bd96ea7aafa, tm=1489324954373}'),('92ae341b01a34f26b2a5d284c2ab6f68','admin','2017-04-07 14:52:36','修改菜单商品管理'),('92f3ff8f2b87492baa0f18faa1f24bd3','admin','2017-04-06 22:36:07','从EXCEL导入到数据库'),('93b8eca63c3c45ee88aff28569bbb132','erzong','2017-03-19 16:48:46','登录系统密码或用户名错误'),('94084a826632471da023632acf496cb3','admin','2017-04-06 22:30:47','从EXCEL导入到数据库'),('942d5fc80ed64ac389d383824fa98408','admin','2017-03-24 17:20:22','登录系统'),('950231dcfaaf432da8fd0520d50ced36','admin','2017-04-04 16:42:25','登录系统'),('955815c22b61471bb7214a903bedbb58','admin','2017-03-17 16:33:26','登录系统'),('95587b8ea07f4b859016a2f2ca790f58','admin','2017-04-03 11:58:38','登录系统'),('95a0d7bd20454746bded1a348e4f028f','admin','2017-03-13 13:35:16','退出'),('95ae39f33bdd4111a7a30fc895d52036','ulinkadmin','2017-04-01 10:42:57','新增系统用户：ceshi'),('960d241d904045208b80df4166349361','admin','2017-03-30 21:41:10','登录系统密码或用户名错误'),('962ac26e7b1848919a85cba1078dd7e6','admin','2017-03-16 00:26:46','登录系统'),('966c5f4c8dac4b0883ebb094b5f56e3d','admin','2017-03-15 19:02:44','退出'),('96caedcf6cb34260b7983343e8928b81','admin','2017-04-06 11:06:24','新增按钮权限pd{BUTTON_ID=ce0e9992013348f1bfdbc119329bfa99, RB_ID=b5dd0a0cee794b42ad2c54af2f836846, ROLE_ID=3264c8e83d0248bb9e3ea6195b4c0216, guid=1491447984153}'),('96fecb52ef2e4d00b8b65f63bfe7bbd2','admin','2017-03-12 21:40:58','修改菜单null'),('9724c90e4bdb4977943a4f583adc5ca3','admin','2017-03-19 21:15:39','修改角色菜单权限，角色ID为:3'),('9761848d77774600bd9b57f2f0c720c0','admin','2017-03-24 17:05:40','修改菜单null'),('97b3d29502d64304abb0099633e49cf7','admin','2017-03-12 21:22:40','删除系统用户：{USER_ID=e4a6c22ca4244d18ab969367677f5d5a, tm=1489324960541}'),('97b4ccaef3be41eb999c6bad9184b364','admin','2017-03-12 21:20:14','新增菜单商品库位查询'),('97cf3d1929ca4b22b6a435c950bdc524','admin','2017-03-19 20:55:56','退出'),('9868a7ba036a41819d97df652b0a4e1b','hkadmin','2017-03-31 11:27:54','登录系统密码或用户名错误'),('98eb5b091fa644cd9d464ec757858909','admin','2017-04-06 22:27:45','从EXCEL导入到数据库'),('990f444830f140749c01a47045e74d28','ulinkadmin','2017-04-02 10:39:52','退出'),('9919a10b092040ce8de7a70c66c7d64d','yewu','2017-04-01 14:28:50','登录系统'),('99e3dabf6605403283bfdd7798b3b8f6','yewu','2017-04-01 14:29:34','退出'),('9ac55986beb74532897748536609a77e','yewu','2017-04-02 08:59:28','退出'),('9b3191687e8c488f891c5377ea903fa1','admin','2017-03-12 22:18:51','退出'),('9b6f3a11b3df42ed9a5cdf08df9d5b6b','admin','2017-03-18 18:39:39','修改角色菜单权限，角色ID为:1'),('9c7c6d02cc174749925a622fe76550fa','ulinkadmin','2017-04-01 10:35:58','登录系统'),('9ce4049d5c33483895a2bad8f4a0e2fe','admin','2017-04-06 22:50:03','从EXCEL导入到数据库'),('9cebe146e9fa449fac7e765ace8224d8','admin','2017-03-12 21:22:37','删除系统用户：{USER_ID=69177258a06e4927b4639ab1684c3320, tm=1489324957324}'),('9d2be444247443f6a7fd7aee9a58f52c','admin','2017-03-12 21:48:20','新增菜单库位查询'),('9e77726a0d6e4c08999beda95444583f','admin','2017-03-19 17:22:19','修改角色菜单权限，角色ID为:3'),('9e88cc5df41347b4bda75fd359ee09de','admin','2017-03-24 17:05:41','修改菜单null'),('9e91dc71821b422583e355dc6b9bec00','admin','2017-04-04 10:31:52','新增菜单海关管理'),('9eb43906f1d240fca502b230dc28cc71','admin','2017-03-18 18:45:16','新增系统用户：ulinkadmin'),('a082ca66f21c4792b353452350e18808','yewu','2017-04-02 08:58:11','登录系统密码或用户名错误'),('a0d73b1946c74d0cb41edb664310acfa','admin','2017-03-19 17:20:13','修改角色菜单权限，角色ID为:3264c8e83d0248bb9e3ea6195b4c0216'),('a2233847d6ba40d98e06eba1086f2a5f','admin','2017-04-06 21:24:59','从EXCEL导入到数据库'),('a246900df4f849ce9e0bc79dda89d221','admin','2017-04-06 22:20:23','从EXCEL导入到数据库'),('a3c0a8c2038a40939078afe28308aba9','admin','2017-03-24 17:06:35','登录系统'),('a41545907b6c48cfaf13ffc7792299c8','admin','2017-04-06 22:42:26','从EXCEL导入到数据库'),('a50dba5b16204ae9a8335f3928548d7b','admin','2017-03-26 11:21:30','登录系统'),('a5c9c488fe6940c5b43cdfad8ea710c6','admin','2017-03-18 18:52:09','新增系统用户：黎灿辉'),('a711ea4fc1634316a5c4af0d160a456e','ulinkadmin','2017-04-02 10:39:36','登录系统'),('a786991fa5984b4099660d39da39ad44','admin','2017-04-06 22:20:15','登录系统'),('a802219c01bb47e49cc90799d2924b55','admin','2017-04-03 11:36:11','登录系统'),('a969068d20ea4f368cd7eef192fce87a','erzong','2017-03-12 23:40:00','退出'),('aaa0a8b60dbc4543ae9c2e5f5a01728e','admin','2017-04-04 10:28:29','新增菜单品牌管理'),('aaae20ee4fa64f6d849ba87a407d7702','admin','2017-03-24 17:05:10','删除按钮权限{BUTTON_ID=3542adfbda73410c976e185ffe50ad06, ROLE_ID=de9de2f006e145a29d52dfadda295353, guid=1490346310809}'),('aac5490459904687a99e5cc7b9cb316f','admin','2017-03-20 12:54:32','登录系统'),('aaf2253e67524ed582c14d8eb4285866','admin','2017-03-24 17:05:40','修改菜单null'),('ab231cc70c854debaf5fd3f8ee6bc071','erzong','2017-03-17 17:39:40','登录系统'),('ab4e9a2827bb49219cef3d78aa07e792','ulinkadmin','2017-03-31 11:28:48','登录系统'),('ab612cba84994a9287f515b9d47d6fa7','erzong','2017-03-12 22:49:31','退出'),('abc324a18b42464fb232f26dbea29f90','admin','2017-04-06 11:07:21','修改角色菜单权限，角色ID为:3264c8e83d0248bb9e3ea6195b4c0216'),('abc58ed117e54f78a9e7bbdfc0b42097','ulinkadmin','2017-04-02 10:42:42','登录系统'),('ac11669c14624c309bb1ba145e812648','erzong','2017-03-19 16:48:57','登录系统密码或用户名错误'),('ac9f209a7d824ff6ab87f2cc4740b8f0','admin','2017-04-03 19:50:50','登录系统'),('acf639a1a42842e4b775277219986f38','admin','2017-03-24 17:05:41','修改菜单null'),('adf164d5cca548409d8e27053bdaf148','admin','2017-03-18 19:01:35','登录系统'),('af4aee65e0f14c869db350c4bd4c1bf7','admin','2016-06-06 00:15:44','退出'),('afc913294c7241a7af7bb44d0c05d942','admin','2017-04-05 15:55:04','登录系统'),('b0ce8db73df2469b90ebcf5bde098427','ulinkadmin','2017-04-01 10:40:15','登录系统'),('b21a6c6d16bc482c9b4ef5f9457780bf','admin','2017-03-12 21:40:57','修改菜单null'),('b24854d4fca04764aa102977940ccb33','admin','2017-04-04 20:46:14','登录系统'),('b295ff678be94fd79259af04aa0eec58','admin','2017-03-12 21:22:03','删除系统用户：{USER_ID=e29149962e944589bb7da23ad18ddeed, tm=1489324923361}'),('b29ecf9d2bf54c60894dd0d6c8e6d7ca','admin','2017-03-25 10:21:06','登录系统'),('b2ec5d9410f647dcbda2c1cb11850c75','admin','2017-03-18 23:27:46','登录系统'),('b306ee78afdf47afb70f15a3c7c8359d','admin','2017-03-12 21:40:58','修改菜单null'),('b3271b0d0d44445a95a30af76728ea3a','admin','2017-04-03 21:12:53','登录系统'),('b3433e722fb64f7dad1417179a866ff2','lch','2017-03-19 16:30:39','登录系统'),('b42f994a30f94d4bb0a4a5bd29368aea','admin','2017-04-04 11:30:33','登录系统'),('b5304e014f4e4cd4b0662fd418e34e0b','erzong','2017-03-19 16:45:20','登录系统密码或用户名错误'),('b53d9a31e4c944aa9b0ffa6abb95297b','admin','2017-03-24 17:13:30','登录系统'),('b670c9cc1e114434b389b34fed7a3a06','admin','2017-04-06 22:06:18','从EXCEL导入到数据库'),('b77c1aaf596b425582c7919e16e9555b','admin','2017-03-23 22:23:11','退出'),('b79a74c36a9048d1bead6ef034914606','admin','2017-04-04 19:51:46','登录系统'),('b80dd7ff89934a0680c9f980db6911ff','admin','2017-03-20 13:28:15','登录系统'),('b899754f4e964b5da785d1bb242f3cf3','admin','2017-04-06 15:40:35','登录系统'),('b89c4b6e4d0a4f20ab47c1016a3606d4','admin','2017-03-12 21:21:09','删除系统用户：{USER_ID=456a34455b1241ebb7c373e4a245694c, tm=1489324865939}'),('ba98fd1d366e43f3b03d5f24753692ff','admin','2017-04-05 21:32:06','登录系统'),('baa868b4a5624f34b9be89adcc5ee8aa','ulinkadmin','2017-04-01 14:28:40','退出'),('bad33d6bbc914d79a658e09625974363','admin','2017-03-12 23:40:10','退出'),('bae7d32250194e2aab07571f8c7dfb1f','admin','2017-03-24 17:25:32','登录系统'),('bb266b1dd142478583bb3d9a7e0b9635','admin','2017-04-05 14:50:10','登录系统'),('bbadb4bf86964ddf90d3ece5859e6064','admin','2017-03-19 17:24:54','修改角色菜单权限，角色ID为:de9de2f006e145a29d52dfadda295353'),('bca7bfac26c04d4cbadfabb5c89b74f4','admin','2017-03-12 21:32:14','新增按钮权限pd{BUTTON_ID=4efa162fce8340f0bd2dcd3b11d327ec, RB_ID=9fdb13403f124e95a134b2bef3567024, ROLE_ID=cb07d5c2ef46474b9c995e857e23f7c5, guid=1489325534929}'),('bcc4f8e709624d5495e70e99eb357e8e','admin','2017-03-12 21:18:06','修改系统用户：admin'),('bce403ec85454c4fb29ab6aa578d4c2f','admin','2017-03-19 17:24:12','修改cha_qx权限，角色ID为:68f8e4a39efe47c7bb869e9d15ab925d'),('bd2d090ad0c4442e834c4a2445f7fa3b','ulinkadmin','2017-04-02 10:42:34','退出'),('bdb05158e17548b1be146ba607145354','admin','2017-03-18 18:46:30','修改add_qx权限，角色ID为:3264c8e83d0248bb9e3ea6195b4c0216'),('be0b436e540040d3a4bdbada0714df49','admin','2017-04-06 11:12:09','登录系统'),('bea4286e799f488790bcafaa7ce89bd2','erzong','2017-03-19 16:45:42','登录系统密码或用户名错误'),('beb9607c5a5b43498529e77568d8ec87','linkadmin','2017-03-31 14:07:47','登录系统密码或用户名错误'),('bf92b222a9f94dd89513e4e7835cbc5f','admin','2017-03-19 16:40:53','删除按钮权限{BUTTON_ID=4efa162fce8340f0bd2dcd3b11d327ec, ROLE_ID=3, guid=1489912853564}'),('c05d5e19b703410ba9e2f90c8b0fff72','admin','2017-04-04 10:29:07','修改角色菜单权限，角色ID为:1'),('c0cd993fff75435f88e86794fdbb1c0c','admin','2017-03-24 17:05:41','修改菜单null'),('c130f79142744fb79f5f2b36f55effae','admin','2017-04-03 19:59:41','登录系统'),('c1376f6af0484d01b1b6eb8980162c3e','admin','2017-03-23 22:23:09','登录系统'),('c21fe5404ad3449eb1ef6eb59cbc4496','admin','2017-03-12 21:40:57','修改菜单null'),('c24f88af7638476e84481e65ffb3b7d3','san','2016-06-06 02:29:23','登录系统'),('c2ed695a9cb749fd86fe831d0f59cabb','admin','2017-04-06 21:22:14','从EXCEL导入到数据库'),('c3fa4fb3a4104f9c8e3871e6770ca098','admin','2017-03-23 22:23:25','登录系统'),('c5d5f06d9cef45ce95ab9b8bc69c0f09','erzong','2017-03-12 22:47:05','登录系统'),('c5f31821f20a41d8a8633f62ae28b41c','ulinkadmin','2017-04-01 13:53:26','登录系统'),('c635f105bc0a4bf183044d857078fe10','admin','2017-04-06 13:31:28','退出'),('c669bae65ea143e5b9f18660e8566b16','admin','2017-03-12 21:40:58','修改菜单null'),('c6c87c4809b74aa19b4d59b59bc75839','admin','2017-04-06 11:11:12','删除按钮权限{BUTTON_ID=8e37b263a8384fdeb1e27899d25a21c1, ROLE_ID=3264c8e83d0248bb9e3ea6195b4c0216, guid=1491448272415}'),('c6eea035db124551b764410fc7102533','admin','2017-03-12 21:40:58','修改菜单null'),('c741650a25a347db8c166e8162b7dfd2','admin','2017-03-24 17:05:41','修改菜单null'),('c85edd79b0db41fb97fde8edf94a1758','admin','2017-04-06 15:06:48','登录系统'),('c86e98500d464035a3c05ef32653fbc6','admin','2017-04-04 20:41:20','登录系统'),('c9b2235844a449318ceffbf95359db79','test','2017-03-19 17:28:52','登录系统'),('ca4c37bc8d8c4a2abc38088b75fe7dc8','admin','2017-03-23 22:52:10','登录系统'),('caa74327ec964f2e9b14d2fa39a8ce66','admin','2017-04-08 15:19:18','登录系统'),('cb5ca666523c413f9e059510177a7e7c','admin','2017-03-20 13:37:44','登录系统'),('cb743eac4fe947db9551d0d921330e95','admin','2017-03-12 21:22:11','删除系统用户：{USER_ID=9a89f6cd9b654b71b39c6f8c6a54d6df, tm=1489324931816}'),('cc27daa56cb14fa49bf2762c2cc14342','ulinkadmin','2017-04-01 14:26:32','登录系统'),('ccb038dc43d743f58fd5c67831544cc6','admin','2017-03-18 14:40:08','新增菜单商品管理'),('ccbafe8e2a164ed8a2349a296b748c1e','admin','2017-03-18 18:48:44','修改add_qx权限，角色ID为:68f8e4a39efe47c7bb869e9d15ab925d'),('ccf2a4e5141c47089dd7cbb223b6aa16','admin','2017-03-12 23:40:17','退出'),('cd2d27f17dc1472f9bbc0e4c2a7ab3eb','admin','2017-04-06 22:41:29','从EXCEL导入到数据库'),('ce54095825334015be3a615b495d45ed','admin','2017-04-08 15:20:31','退出'),('cf4e49643abd43b89804ccb44dfb05e1','admin','2017-04-06 11:01:24','登录系统'),('cf8b6438bfd841868154a7eb0ca0bab4','admin','2017-04-08 14:20:21','登录系统'),('cfc2ab797e1445e58e22932343fd65e4','admin','2017-03-13 00:12:20','修改菜单系统管理'),('d0cd2a21684c494bae2181648e4bad54','admin','2017-04-03 10:11:49','登录系统'),('d132d9293f5c497795d84b55eb34e65d','lch','2017-03-19 16:39:21','退出'),('d16e8784201f4d6e95a590fb65c8dcdc','admin','2017-03-20 11:39:14','登录系统'),('d1ba55843ff14c00bec29ae38bed6be5','admin','2017-04-03 07:48:21','登录系统'),('d206b06ef46c4f10a2882b290a74e26a','erzong','2017-03-19 17:29:52','退出'),('d38481dd86b746909904e9ab8f4eddf2','lch','2017-03-19 17:30:46','登录系统'),('d3c1176f9f1142f3aa85b6895446457b','admin','2017-04-03 11:44:42','登录系统'),('d456255d010b4028949ad1f8f6be7b21','admin','2017-03-20 11:33:46','登录系统'),('d63ed33ed0a64c0da45cafedde1fe0ac','admin','2017-04-06 13:28:21','新增按钮权限pd{BUTTON_ID=c0db8ca9021b4f408f567c472f908f03, RB_ID=8d918a6004264246a620d1968a576fa6, ROLE_ID=3264c8e83d0248bb9e3ea6195b4c0216, guid=1491456501142}'),('d660da1299084c2187b8e90c429a91c2','admin','2017-03-20 11:35:15','登录系统'),('d666bdfab1eb41e98f059c9f90d0cff1','admin','2017-03-19 16:37:40','删除系统用户：{USER_ID=ae9380fd08d44827966721c267d11669, tm=1489912660623}'),('d6d05fb54e8c472ead4013892a2640a0','admin','2017-04-06 11:07:43','修改add_qx权限，角色ID为:3264c8e83d0248bb9e3ea6195b4c0216'),('d713f613d16d494389d6d79ef7cf0c6b','admin','2017-03-18 21:49:27','退出'),('d76e9180a7304c56a0763c23282dd5ec','admin','2017-03-18 18:38:56','登录系统'),('d7d852f742324098a0b2d0e14a805401','admin','2017-03-18 19:40:06','登录系统'),('d87b39edd8d4487ab5400ded35a1a3d5','admin','2017-04-06 13:30:49','登录系统'),('d8a86b13e61d423789ec50afe398691b','admin','2017-03-19 17:21:35','修改add_qx权限，角色ID为:3264c8e83d0248bb9e3ea6195b4c0216'),('d8cf96e05dbb4e79a9331eff0fea9445','admin','2017-04-06 15:19:32','登录系统'),('d8d6a83dd8bb4f2aa4b9fcda511303c1','ulinkadmin','2017-04-01 14:23:20','退出'),('d90e07e68dd14bada93c9bf4d095540a','admin','2017-03-12 21:20:51','修改角色菜单权限，角色ID为:cb07d5c2ef46474b9c995e857e23f7c5'),('d9ef0d5ff53b406f98fe272812e7b28d','admin','2017-03-16 00:15:43','登录系统'),('da077af7a4234338aff3eb3d5031f6b9','erzong','2017-03-12 22:12:28','登录系统'),('da1ae05840274e9d945e441beb40d4dc','admin','2017-03-19 16:40:51','删除按钮权限{BUTTON_ID=46992ea280ba4b72b29dedb0d4bc0106, ROLE_ID=3, guid=1489912851651}'),('da1eaaecdafe4bf485d118e9260c3e27','admin','2017-04-08 14:28:54','登录系统'),('da61b175682b47468343bf74b3dfb780','admin','2017-03-18 14:42:23','新增菜单国家'),('da8815a41e0c47e1ae066c066e8958f0','admin','2017-03-19 16:37:19','修改cha_qx权限，角色ID为:115b386ff04f4352b060dffcd2b5d1da'),('daa0159ddaa14e4aa276e0b60a431ca9','admin','2017-04-08 15:06:41','登录系统'),('dab731b21e1649aca4413ecb8b31e263','admin','2017-03-18 09:47:12','登录系统'),('dabb46839729490785df6dccc1e051b2','admin','2017-03-12 21:40:57','修改菜单null'),('daf4aac4a0ad44d0a9d8b9c1bb79d106','erzong','2017-03-12 22:49:24','退出'),('dc2b4ce6f1a3438f98b27148ad9cfb47','admin','2017-03-25 13:09:45','登录系统'),('dc3af666add64e25979fabc47a799d0b','admin','2017-04-03 11:12:36','登录系统'),('dcc341ccd9004fb89adcb94294da480d','admin','2017-03-19 17:29:35','修改cha_qx权限，角色ID为:3'),('dd42a4d05f22487db42f318034db6208','ulinkadmin','2017-04-06 11:08:54','登录系统'),('dd63fb023f014e808886efe5318adeb2','admin','2017-04-08 15:06:31','修改菜单HSCODE管理'),('ddd758cdf72744d598788d37e648c5a3','ulinkadmin','2017-04-01 14:28:35','新增系统用户：kuwei'),('ded32d4fa9d64462a599b7ba4eac182a','lch','2017-04-01 14:25:26','登录系统密码或用户名错误'),('dfa8c3927e054f15aa14d61ffb3d36cc','admin','2017-03-18 18:46:58','修改角色:业务管理员'),('dff2ae4889f8480e90bb74939963db0a','admin','2017-04-06 22:36:19','从EXCEL导入到数据库'),('e1570ac80d514b66a8e580c755f66142','admin','2017-04-07 09:14:23','登录系统'),('e1e1036d04fe450dbe2109b325de11ff','admin','2017-03-17 16:44:29','登录系统'),('e29993553b3b49688e96ca237f0a7b57','admin','2017-04-05 19:29:31','登录系统'),('e31d8a9329db476e911807876434734b','admin','2017-03-25 10:25:35','登录系统'),('e4d67c5038e844e1bc455d71c973069c','admin','2017-03-18 18:49:07','修改edit_qx权限，角色ID为:68f8e4a39efe47c7bb869e9d15ab925d'),('e5fdd7bbe0d345f3b4146aa4b7330a23','admin','2017-04-04 10:35:03','登录系统'),('e689a3333b844b0180a3a656c361cd43','admin','2017-04-07 10:10:30','登录系统'),('e72f4113178f4073ac1f10c46089e269','admin','2017-04-06 21:43:48','登录系统'),('e755e44cfb7f413a88e1b34f63a60aa9','admin','2017-03-12 21:33:06','删除按钮权限{BUTTON_ID=4efa162fce8340f0bd2dcd3b11d327ec, ROLE_ID=cb07d5c2ef46474b9c995e857e23f7c5, guid=1489325586299}'),('e7bf3ac392954e509e4c0341f4869a95','san','2016-06-06 02:29:19','退出'),('e93b27d970b64719b84866003dddf191','erzong','2017-03-19 16:42:59','登录系统密码或用户名错误'),('e9fd946f601f42b88d6452aa9552d3c7','admin','2017-03-25 20:36:36','新增菜单国别管理'),('ea8223c606304cb0b292293165562885','admin','2017-03-13 00:12:28','修改菜单用户管理'),('eab7f8d74b814e79b5ac4c42b360f725','admin','2017-04-06 21:45:16','登录系统'),('eb69c052aa0c44f99a4412149b237257','admin','2017-03-12 21:22:09','删除系统用户：{USER_ID=065202edd0cc44188e9c59c07b4742e1, tm=1489324929241}'),('ec15091285fa450f9cd3553bf68084f5','admin','2017-04-05 12:37:43','修改菜单商品管理'),('ecb2387a49b041e79d6dd2ae43c299b1','admin','2017-03-20 11:32:27','登录系统'),('eda4dc7652c34926b9849afda06c6732','admin','2017-04-06 21:17:26','退出'),('ee2622fa16204c2bae9ff79cb8223eb9','admin','2017-04-06 11:05:52','新增按钮权限pd{BUTTON_ID=8e37b263a8384fdeb1e27899d25a21c1, RB_ID=4c03896522494ffdbe513db500357c01, ROLE_ID=3264c8e83d0248bb9e3ea6195b4c0216, guid=1491447952288}'),('eeb17cf0eabf45d19c301d6de7681596','admin','2017-04-06 22:34:54','从EXCEL导入到数据库'),('eff3e3477e3d4b57ac834451d719f976','admin','2017-03-24 17:05:40','修改菜单null'),('f02536042c674974aea0bd2147da94ec','admin','2017-04-06 22:12:21','从EXCEL导入到数据库'),('f044ee3aac334559a1c5a015be490616','ulinkadmin','2017-04-06 11:11:37','登录系统'),('f07d9c688dca482785302b863ae90e95','admin','2017-03-12 22:11:59','登录系统'),('f0a9cfff19bd4018a4883664759fb845','admin','2017-04-03 19:36:59','登录系统'),('f0aa58fbe31c44368bb643f9a2484743','erzong','2017-03-12 22:14:01','退出'),('f14edf5dafec47988b2895e40a9e217a','ulinkadmin','2017-03-31 14:07:57','登录系统密码或用户名错误'),('f18c5584f5cf4493a3a9dbcd87a60e28','admin','2017-03-25 20:35:03','新增菜单商品管理'),('f1ea01d2b48f43618070a0aa7069de07','erzong','2017-03-12 21:28:50','登录系统'),('f21a8c7109584bc2b3a5170ea5f79692','admin','2017-04-06 22:52:11','从EXCEL导入到数据库'),('f364149ba61b4fd5a1e526693a9d00aa','admin','2017-03-25 10:50:05','登录系统'),('f3718fbfd6db44a38747a06e8e2b7cde','admin','2017-03-12 21:13:20','新增菜单库存管理'),('f37a566d1fb949d297658faeac54e0e4','erzong','2017-03-19 16:54:11','登录系统密码或用户名错误'),('f3dfb6c53cc6483d9e965832e3caaadb','ulinkadmin','2017-04-06 11:11:54','退出'),('f3e75dbf6bdc4fa7ac0048363e3a1c33','admin','2017-04-02 22:08:51','新增菜单商品管理'),('f48a818cf70a413cb7aa90dd0e4ac7c2','admin','2017-03-12 21:40:58','修改菜单null'),('f4c3cb7bbe3949d58d10514e87b11c53','admin','2017-03-19 17:24:40','修改角色:库位查询'),('f58d7d4917bb47d5a3390b5045cdb2d4','admin','2017-03-24 17:05:40','修改菜单null'),('f72e81a7dec74a61b7c3b74e710d0662','admin','2017-04-06 09:05:05','登录系统'),('f747e323fb25475cbbbe873f1277a356','admin','2017-03-20 11:28:21','登录系统'),('f776002cecbb4233b05b6c7b2e2c88d1','admin','2017-03-19 17:24:28','修改角色菜单权限，角色ID为:68f8e4a39efe47c7bb869e9d15ab925d'),('f77ae7ad203046cfb4dc23e78af58a33','admin','2017-03-12 22:13:10','修改add_qx权限，角色ID为:cb07d5c2ef46474b9c995e857e23f7c5'),('f7b335138b7e40488242f6a72af96148','admin','2017-04-06 21:43:56','从EXCEL导入到数据库'),('f7bc599f8a4144c9b6d23e5bf83bdf94','kuwei','2017-04-02 08:59:37','登录系统'),('f7e218004f8046f3bf5c80468ba755b6','admin','2017-04-06 11:07:46','修改add_qx权限，角色ID为:3264c8e83d0248bb9e3ea6195b4c0216'),('f811bfae56714028a8fb05c939ee78e3','admin','2017-03-12 21:40:58','修改菜单null'),('f85c75bfbc9e435fa087a5f2375fdc14','erzong','2017-03-12 23:28:58','登录系统'),('f95552be89e344e090e42574c9224382','admin','2017-04-06 15:05:15','登录系统'),('f9e595bf98b94d11bbc9b2af0cea2f90','admin','2017-04-05 15:49:11','登录系统'),('f9ed1d4d69c049b7ad22c2c13bff05fd','admin','2017-04-02 22:09:27','退出'),('f9f5a6eba34543b797c61eadea0d475a','admin','2017-04-04 10:39:44','登录系统'),('fa00ee5361c94c0891da12bf4e3eda81','admin','2017-04-05 13:40:54','登录系统'),('fa2aa28d47884c23a5314d1cdfa0a314','admin','2017-04-03 18:31:41','登录系统'),('fa9406fdcec045d79f9c1ef35d631cc8','admin','2017-03-24 17:06:38','退出'),('fbaba1bd122741b988b8efc6d6a91b51','admin','2017-04-06 22:12:03','登录系统'),('fbddfc5f529a4b3a8e082d481e80a96e','admin','2017-03-24 08:56:19','登录系统'),('fcefb5ca21804e66b32371615d250478','admin','2017-03-18 18:48:04','修改add_qx权限，角色ID为:68f8e4a39efe47c7bb869e9d15ab925d'),('fd9b916770a549faa8b7df7f1ee368cc','admin','2017-03-12 21:21:03','删除系统用户：{USER_ID=e128d0b8807b4a128d6390c44a6accef, tm=1489324863151}'),('fd9d50f34a8b418391f73ef9e364dd01','admin','2017-04-06 11:05:48','新增按钮权限pd{BUTTON_ID=ce0e9992013348f1bfdbc119329bfa99, RB_ID=2f169f49e048418ea9b54f11cb666f2d, ROLE_ID=3264c8e83d0248bb9e3ea6195b4c0216, guid=1491447948758}'),('fdd0d277e5334e3d8f1243b5108c26a6','admin','2017-03-13 10:21:09','退出'),('fe21b4352f404789a89a43f9ef1035dc','ulinkadmin','2017-04-01 14:31:39','登录系统'),('fe300a7bd5a945f6823f4c925a996366','admin','2017-03-19 16:41:16','删除角色ID为:cb07d5c2ef46474b9c995e857e23f7c5'),('fec17dc2b7eb44f996872459d0d320b4','admin','2017-03-20 11:57:36','登录系统');

/*Table structure for table `sys_fhsms` */

DROP TABLE IF EXISTS `sys_fhsms`;

CREATE TABLE `sys_fhsms` (
  `FHSMS_ID` varchar(100) NOT NULL,
  `CONTENT` varchar(1000) DEFAULT NULL COMMENT '内容',
  `TYPE` varchar(5) DEFAULT NULL COMMENT '类型',
  `TO_USERNAME` varchar(255) DEFAULT NULL COMMENT '收信人',
  `FROM_USERNAME` varchar(255) DEFAULT NULL COMMENT '发信人',
  `SEND_TIME` varchar(100) DEFAULT NULL COMMENT '发信时间',
  `STATUS` varchar(5) DEFAULT NULL COMMENT '状态',
  `SANME_ID` varchar(100) DEFAULT NULL,
  PRIMARY KEY (`FHSMS_ID`)
) ENGINE=InnoDB DEFAULT CHARSET=utf8;

/*Data for the table `sys_fhsms` */

insert  into `sys_fhsms`(`FHSMS_ID`,`CONTENT`,`TYPE`,`TO_USERNAME`,`FROM_USERNAME`,`SEND_TIME`,`STATUS`,`SANME_ID`) values ('05879f5868824f35932ee9f2062adc03','你好','2','admin','san','2016-01-25 14:05:31','1','b311e893228f42d5a05dbe16917fd16f'),('2635dd035c6f4bb5a091abdd784bd899','你好','2','san','admin','2016-01-25 14:05:02','1','1b7637306683460f89174c2b025862b5'),('52378ccd4e2d4fe08994d1652af87c68','你好','1','admin','san','2016-01-25 16:26:44','1','920b20dafdfb4c09b560884eb277c51d'),('77ed13f9c49a4c4bb460c41b8580dd36','gggg','2','admin','san','2016-01-24 21:22:43','2','dd9ee339576e48c5b046b94fa1901d00'),('98a6869f942042a1a037d9d9f01cb50f','你好','1','admin','san','2016-01-25 14:05:02','1','1b7637306683460f89174c2b025862b5'),('9e00295529014b6e8a27019cbccb3da1','柔柔弱弱','1','admin','san','2016-01-24 21:22:57','1','a29603d613ea4e54b5678033c1bf70a6'),('d3aedeb430f640359bff86cd657a8f59','你好','1','admin','san','2016-01-24 21:22:12','1','f022fbdce3d845aba927edb698beb90b'),('e5376b1bd54b489cb7f2203632bd74ec','管理员好','2','admin','san','2016-01-25 14:06:13','2','b347b2034faf43c79b54be4627f3bd2b'),('e613ac0fcc454f32895a70b747bf4fb5','你也好','2','admin','san','2016-01-25 16:27:54','2','ce8dc3b15afb40f28090f8b8e13f078d'),('f25e00cfafe741a3a05e3839b66dc7aa','你好','2','san','admin','2016-01-25 16:26:44','1','920b20dafdfb4c09b560884eb277c51d');

/*Table structure for table `sys_loginimg` */

DROP TABLE IF EXISTS `sys_loginimg`;

CREATE TABLE `sys_loginimg` (
  `LOGINIMG_ID` varchar(100) NOT NULL,
  `NAME` varchar(30) DEFAULT NULL COMMENT '文件名',
  `FILEPATH` varchar(100) DEFAULT NULL COMMENT '路径',
  `TYPE` int(2) NOT NULL COMMENT '状态',
  `FORDER` int(3) NOT NULL COMMENT '排序',
  PRIMARY KEY (`LOGINIMG_ID`)
) ENGINE=InnoDB DEFAULT CHARSET=utf8;

/*Data for the table `sys_loginimg` */

/*Table structure for table `sys_menu` */

DROP TABLE IF EXISTS `sys_menu`;

CREATE TABLE `sys_menu` (
  `MENU_ID` int(11) NOT NULL,
  `MENU_NAME` varchar(255) DEFAULT NULL,
  `MENU_URL` varchar(255) DEFAULT NULL,
  `PARENT_ID` varchar(100) DEFAULT NULL,
  `MENU_ORDER` varchar(100) DEFAULT NULL,
  `MENU_ICON` varchar(60) DEFAULT NULL,
  `MENU_TYPE` varchar(10) DEFAULT NULL,
  `MENU_STATE` int(1) DEFAULT NULL,
  PRIMARY KEY (`MENU_ID`)
) ENGINE=InnoDB DEFAULT CHARSET=utf8;

/*Data for the table `sys_menu` */

insert  into `sys_menu`(`MENU_ID`,`MENU_NAME`,`MENU_URL`,`PARENT_ID`,`MENU_ORDER`,`MENU_ICON`,`MENU_TYPE`,`MENU_STATE`) values (1,'系统管理','#','0','1','menu-icon fa fa-desktop blue','2',1),(2,'权限管理','#','1','1','menu-icon fa fa-lock black','1',1),(3,'日志管理','fhlog/list.do','1','6','menu-icon fa fa-book blue','1',1),(4,'文件管理','fhfile/list.do','59','3','menu-icon fa fa-folder-open purple','1',1),(6,'信息管理','#','0','5','menu-icon fa fa-credit-card green','2',1),(7,'图片管理','#','6','1','menu-icon fa fa-folder-o pink','2',1),(8,'性能监控','druid/index.html','9','8','menu-icon fa fa-tachometer red','1',1),(9,'系统工具','#','0','3','menu-icon fa fa-cog black','2',1),(10,'接口测试','tool/interfaceTest.do','9','2','menu-icon fa fa-exchange green','1',1),(11,'发送邮件','tool/goSendEmail.do','9','3','menu-icon fa fa-envelope-o green','1',1),(12,'置二维码','tool/goTwoDimensionCode.do','9','4','menu-icon fa fa-barcode green','1',1),(14,'地图工具','tool/map.do','9','6','menu-icon fa fa-globe black','1',1),(15,'微信管理','#','0','4','menu-icon fa fa-comments purple','2',1),(16,'文本回复','textmsg/list.do','15','2','menu-icon fa fa-comment green','2',1),(17,'应用命令','command/list.do','15','4','menu-icon fa fa-comment grey','2',1),(18,'图文回复','imgmsg/list.do','15','3','menu-icon fa fa-comment pink','2',1),(19,'关注回复','textmsg/goSubscribe.do','15','1','menu-icon fa fa-comment orange','2',1),(20,'在线管理','onlinemanager/list.do','1','5','menu-icon fa fa-laptop green','1',1),(21,'打印测试','tool/printTest.do','9','7','menu-icon fa fa-hdd-o grey','1',1),(22,'一级菜单','#','0','10','menu-icon fa fa-fire orange','2',1),(23,'二级菜单','#','22','1','menu-icon fa fa-leaf black','1',1),(24,'三级菜单','#','23','1','menu-icon fa fa-leaf black','1',1),(30,'四级菜单','#','24','1','menu-icon fa fa-leaf black','1',1),(31,'五级菜单1','#','30','1','menu-icon fa fa-leaf black','1',1),(32,'五级菜单2','#','30','2','menu-icon fa fa-leaf black','1',1),(33,'六级菜单','#','31','1','menu-icon fa fa-leaf black','1',1),(34,'六级菜单2','login_default.do','31','2','menu-icon fa fa-leaf black','1',1),(35,'四级菜单2','login_default.do','24','2','menu-icon fa fa-leaf black','1',1),(36,'角色(基础权限)','role.do','2','1','menu-icon fa fa-key orange','1',1),(37,'按钮权限','buttonrights/list.do','2','2','menu-icon fa fa-key green','1',1),(38,'菜单管理','menu/listAllMenu.do','1','3','menu-icon fa fa-folder-open-o brown','1',1),(39,'按钮管理','fhbutton/list.do','1','2','menu-icon fa fa-download orange','1',1),(40,'用户管理','#','0','2','menu-icon fa fa-users blue','2',1),(41,'系统用户','user/listUsers.do','40','1','menu-icon fa fa-users green','1',1),(42,'会员管理','happuser/listUsers.do','40','2','menu-icon fa fa-users orange','1',1),(43,'数据字典','dictionaries/listAllDict.do?DICTIONARIES_ID=0','1','4','menu-icon fa fa-book purple','1',1),(44,'代码生成器','#','9','0','menu-icon fa fa-cogs brown','1',1),(45,'七级菜单1','#','33','1','menu-icon fa fa-leaf black','1',1),(46,'七级菜单2','#','33','2','menu-icon fa fa-leaf black','1',1),(47,'八级菜单','login_default.do','45','1','menu-icon fa fa-leaf black','1',1),(48,'图表报表',' tool/fusionchartsdemo.do','9','5','menu-icon fa fa-bar-chart-o black','1',1),(50,'站内信','fhsms/list.do','6','3','menu-icon fa fa-envelope green','1',1),(51,'图片列表','pictures/list.do','7','1','menu-icon fa fa-folder-open-o green','1',1),(52,'图片爬虫','pictures/goImageCrawler.do','7','2','menu-icon fa fa-cloud-download green','1',1),(53,'表单构建器','tool/goFormbuilder.do','9','1','menu-icon fa fa-leaf black','1',1),(54,'数据库管理','#','0','9','menu-icon fa fa-hdd-o blue','2',1),(55,'数据库备份','brdb/listAllTable.do','54','1','menu-icon fa fa-cloud-upload blue','1',1),(56,'数据库还原','brdb/list.do','54','3','menu-icon fa fa-cloud-download blue','1',1),(57,'备份定时器','timingbackup/list.do','54','2','menu-icon fa fa-tachometer blue','1',1),(58,'SQL编辑器','sqledit/view.do','54','4','menu-icon fa fa-pencil-square-o blue','1',1),(59,'OA办公','#','0','6','menu-icon fa fa-laptop pink','2',1),(60,'组织机构','department/listAllDepartment.do?DEPARTMENT_ID=0','59','1','menu-icon fa fa-users green','1',1),(61,'反向生成','recreateCode/list.do','44','2','menu-icon fa fa-cogs blue','1',1),(62,'正向生成','createCode/list.do','44','1','menu-icon fa fa-cogs green','1',1),(63,'主附结构','attached/list.do','6','2','menu-icon fa fa-folder-open blue','1',1),(64,'员工管理','staff/list.do','59','2','menu-icon fa fa-users blue','1',1),(65,'多数据源','datasource2/list.do','6','4','menu-icon fa fa-folder-open-o purple','1',0),(66,'下拉联动','linkage/view.do','6','5','menu-icon fa fa-exchange green','1',1),(67,'库存管理','#','0','50','menu-icon fa fa-th purple','2',1),(68,'库位查询','inventorylocation/list.do','67','60','menu-icon fa fa-leaf black','1',1),(69,'商品管理','#','0','30','menu-icon fa fa-inbox blue','2',1),(70,'国别管理','country/list.do','69','50','menu-icon fa fa-globe orange','1',1),(71,'商品管理','product/list.do?auditStatus=1&blockStatus=0','69','49','menu-icon fa fa-leaf black','1',1),(72,'品牌管理','brand/list.do','69','51','menu-icon fa fa-leaf black','1',1),(73,'纸箱管理','carton/list.do','69','52','menu-icon fa fa-leaf black','1',1),(74,'HSCODE管理','customs/list.do','69','53','menu-icon fa fa-leaf black','1',1),(75,'行邮管理','luggagemail/list.do','69','53','menu-icon fa fa-leaf black','1',1),(76,'包材管理','packagetype/list.do','69','54','menu-icon fa fa-leaf black','1',1);

/*Table structure for table `sys_role` */

DROP TABLE IF EXISTS `sys_role`;

CREATE TABLE `sys_role` (
  `ROLE_ID` varchar(100) NOT NULL,
  `ROLE_NAME` varchar(100) DEFAULT NULL,
  `RIGHTS` varchar(255) DEFAULT NULL,
  `PARENT_ID` varchar(100) DEFAULT NULL,
  `ADD_QX` varchar(255) DEFAULT NULL,
  `DEL_QX` varchar(255) DEFAULT NULL,
  `EDIT_QX` varchar(255) DEFAULT NULL,
  `CHA_QX` varchar(255) DEFAULT NULL,
  PRIMARY KEY (`ROLE_ID`)
) ENGINE=InnoDB DEFAULT CHARSET=utf8;

/*Data for the table `sys_role` */

insert  into `sys_role`(`ROLE_ID`,`ROLE_NAME`,`RIGHTS`,`PARENT_ID`,`ADD_QX`,`DEL_QX`,`EDIT_QX`,`CHA_QX`) values ('1','系统管理组','151115726888877653221342','0','1','1','1','1'),('1b67fc82ce89457a8347ae53e43a347e','初级会员','','2','0','0','0','0'),('2','会员组','','0','0','0','0','1'),('3','注册用户','1770887431076116955136','1','','0','0','1770887431076116955136'),('3264c8e83d0248bb9e3ea6195b4c0216','系统管理员','150666087223905585455066','1','150562324306083154223056','150562324306083154223056','150562324566666366672854','150562324566666366672854'),('46294b31a71c4600801724a6eb06bb26','职位组','','0','0','0','0','0'),('5466347ac07044cb8d82990ec7f3a90e','主管','','46294b31a71c4600801724a6eb06bb26','0','0','0','0'),('68f8e4a39efe47c7bb869e9d15ab925d','业务管理员','2213609292143681077248','1','2213609288845146193920','2213609288845146193920','2213609288845146193920','2213609292143681077248'),('856849f422774ad390a4e564054d8cc8','经理','','46294b31a71c4600801724a6eb06bb26','0','0','0','0'),('8b70a7e67f2841e7aaba8a4d92e5ff6f','高级会员','','2','0','0','0','0'),('c21cecf84048434b93383182b1d98cba','组长','','46294b31a71c4600801724a6eb06bb26','0','0','0','0'),('d449195cd8e7491080688c58e11452eb','总监','','46294b31a71c4600801724a6eb06bb26','0','0','0','0'),('de9de2f006e145a29d52dfadda295353','库位查询','442721857769029238784','1','442721857769029238784','0','0','442721857769029238784');

/*Table structure for table `sys_role_fhbutton` */

DROP TABLE IF EXISTS `sys_role_fhbutton`;

CREATE TABLE `sys_role_fhbutton` (
  `RB_ID` varchar(100) NOT NULL,
  `ROLE_ID` varchar(100) DEFAULT NULL,
  `BUTTON_ID` varchar(100) DEFAULT NULL,
  PRIMARY KEY (`RB_ID`),
  KEY `角色表外键` (`ROLE_ID`) USING BTREE,
  KEY `fbutton` (`BUTTON_ID`),
  CONSTRAINT `fbutton` FOREIGN KEY (`BUTTON_ID`) REFERENCES `sys_fhbutton` (`FHBUTTON_ID`) ON DELETE CASCADE ON UPDATE CASCADE,
  CONSTRAINT `frole` FOREIGN KEY (`ROLE_ID`) REFERENCES `sys_role` (`ROLE_ID`) ON DELETE CASCADE ON UPDATE CASCADE
) ENGINE=InnoDB DEFAULT CHARSET=utf8;

/*Data for the table `sys_role_fhbutton` */

insert  into `sys_role_fhbutton`(`RB_ID`,`ROLE_ID`,`BUTTON_ID`) values ('103e3abf051c40b88b3a2b1b6f9bbf02','3264c8e83d0248bb9e3ea6195b4c0216','da7fd386de0b49ce809984f5919022b8'),('4ee1e2bc03a64ef1bc578fcf2e2ea2c1','68f8e4a39efe47c7bb869e9d15ab925d','3542adfbda73410c976e185ffe50ad06'),('5669c8754b4d4e368365ed5065f9fc10','3264c8e83d0248bb9e3ea6195b4c0216','3542adfbda73410c976e185ffe50ad06'),('74203935bfa34ce3b9b80e81f2a2bcfe','68f8e4a39efe47c7bb869e9d15ab925d','4efa162fce8340f0bd2dcd3b11d327ec'),('8231c216fb514b4188e4162e629c6237','3264c8e83d0248bb9e3ea6195b4c0216','4efa162fce8340f0bd2dcd3b11d327ec'),('91958c938bfe4a5fb7b18c7c6a871848','3264c8e83d0248bb9e3ea6195b4c0216','fc5e8767b4564f34a0d2ce2375fcc92e'),('9c30cc6b58da480b83c8566f83f9f639','3','fc5e8767b4564f34a0d2ce2375fcc92e'),('a34251a8a8b348c0aac38a631ae77d9a','3264c8e83d0248bb9e3ea6195b4c0216','8e37b263a8384fdeb1e27899d25a21c1'),('b5dd0a0cee794b42ad2c54af2f836846','3264c8e83d0248bb9e3ea6195b4c0216','ce0e9992013348f1bfdbc119329bfa99'),('cebf4460cdb64161aa158baae84962fa','de9de2f006e145a29d52dfadda295353','fc5e8767b4564f34a0d2ce2375fcc92e'),('d005fe4116b242ce9c71a0edfa15a09e','3264c8e83d0248bb9e3ea6195b4c0216','cc51b694d5344d28a9aa13c84b7166cd'),('d51dc41918b040a78a021c9a43caf8d5','68f8e4a39efe47c7bb869e9d15ab925d','da7fd386de0b49ce809984f5919022b8'),('f0329033d0914faf8ea6e9ff252cc5e6','68f8e4a39efe47c7bb869e9d15ab925d','46992ea280ba4b72b29dedb0d4bc0106');

/*Table structure for table `sys_user` */

DROP TABLE IF EXISTS `sys_user`;

CREATE TABLE `sys_user` (
  `USER_ID` varchar(100) NOT NULL,
  `USERNAME` varchar(255) DEFAULT NULL,
  `PASSWORD` varchar(255) DEFAULT NULL,
  `NAME` varchar(255) DEFAULT NULL,
  `RIGHTS` varchar(255) DEFAULT NULL,
  `ROLE_ID` varchar(100) DEFAULT NULL,
  `LAST_LOGIN` varchar(255) DEFAULT NULL,
  `IP` varchar(100) DEFAULT NULL,
  `STATUS` varchar(32) DEFAULT NULL,
  `BZ` varchar(255) DEFAULT NULL,
  `SKIN` varchar(100) DEFAULT NULL,
  `EMAIL` varchar(32) DEFAULT NULL,
  `NUMBER` varchar(100) DEFAULT NULL,
  `PHONE` varchar(32) DEFAULT NULL,
  PRIMARY KEY (`USER_ID`)
) ENGINE=InnoDB DEFAULT CHARSET=utf8;

/*Data for the table `sys_user` */

insert  into `sys_user`(`USER_ID`,`USERNAME`,`PASSWORD`,`NAME`,`RIGHTS`,`ROLE_ID`,`LAST_LOGIN`,`IP`,`STATUS`,`BZ`,`SKIN`,`EMAIL`,`NUMBER`,`PHONE`) values ('1','admin','223ce7b851123353479d85757fbbf4e320d1e251','環球雲倉','1133671055321055258374707980945218933803269864762743594642571294','1','2017-04-08 17:18:07','127.0.0.1','0','admin','default','admin@huanqiuyuncang.com','001','18788888888'),('57ec41ca7beb405fb6c63c0b1a128630','yewu','8a1670973b6ff7cc4517444a5ffb0470e579298b','lzf','','68f8e4a39efe47c7bb869e9d15ab925d','2017-04-02 08:58:18','127.0.0.1','0','lzf','default','lzf6922583@163.com','1002','18513427599'),('7c09dc6f51f7486b9636f5449ac76abb','lch','e28a6687948dfb80ee670773aa0871bfed79b3b8','黎灿辉','','68f8e4a39efe47c7bb869e9d15ab925d','2017-03-19 17:30:46','0:0:0:0:0:0:0:1','0','','default','lch@ulinkintl.net','2001','17773165579'),('7d7be0455070415ca05ab297bec54ea3','ulinkadmin','e28a6687948dfb80ee670773aa0871bfed79b3b8','系统管理员','','3264c8e83d0248bb9e3ea6195b4c0216','2017-04-06 21:17:35','127.0.0.1','0','','default','ulinkintl@gmail.com','1001','18510801059'),('ca58789226774a9eaea007e5e0acaeb0','kuwei','ae5a0d5aa213635baeb7f162e26fa8a63d6fce33','kuwei','','de9de2f006e145a29d52dfadda295353','2017-04-02 08:59:37','127.0.0.1','0','','default','lzf6922583@132.com','1003','18513427599'),('cdbd948776eb40c78f11af084506993f','test','e28a6687948dfb80ee670773aa0871bfed79b3b8','测试','','3','2017-03-19 17:29:58','0:0:0:0:0:0:0:1','0','注册用户','default','test@1.com','',''),('d81b77bc01df45ada1a95f38af74eea5','erzong','e28a6687948dfb80ee670773aa0871bfed79b3b8','二宗','','de9de2f006e145a29d52dfadda295353','2017-03-19 17:27:56','0:0:0:0:0:0:0:1','0','','default','ez@ez.com','7001','85256079029');

/*Table structure for table `sys_userphoto` */

DROP TABLE IF EXISTS `sys_userphoto`;

CREATE TABLE `sys_userphoto` (
  `USERPHOTO_ID` varchar(100) NOT NULL,
  `USERNAME` varchar(30) DEFAULT NULL COMMENT '用户名',
  `PHOTO0` varchar(255) DEFAULT NULL COMMENT '原图',
  `PHOTO1` varchar(100) DEFAULT NULL COMMENT '头像1',
  `PHOTO2` varchar(100) DEFAULT NULL COMMENT '头像2',
  `PHOTO3` varchar(100) DEFAULT NULL COMMENT '头像3',
  PRIMARY KEY (`USERPHOTO_ID`)
) ENGINE=InnoDB DEFAULT CHARSET=utf8;

/*Data for the table `sys_userphoto` */

/*Table structure for table `tb_attached` */

DROP TABLE IF EXISTS `tb_attached`;

CREATE TABLE `tb_attached` (
  `ATTACHED_ID` varchar(100) NOT NULL,
  `NAME` varchar(255) DEFAULT NULL COMMENT '名称',
  `FDESCRIBE` varchar(255) DEFAULT NULL COMMENT '描述',
  `PRICE` double(11,2) DEFAULT NULL COMMENT '价格',
  `CTIME` varchar(32) DEFAULT NULL COMMENT '创建时间',
  PRIMARY KEY (`ATTACHED_ID`)
) ENGINE=InnoDB DEFAULT CHARSET=utf8;

/*Data for the table `tb_attached` */

insert  into `tb_attached`(`ATTACHED_ID`,`NAME`,`FDESCRIBE`,`PRICE`,`CTIME`) values ('60d05d8e7d9046a4893f8bdaa34d6488','eee','ee',22.00,'2016-04-22 15:33:23'),('d74b6f507e784607b8f85e31e3cfad22','AA','aaa',222.00,'2016-04-17 18:20:41');

/*Table structure for table `tb_attachedmx` */

DROP TABLE IF EXISTS `tb_attachedmx`;

CREATE TABLE `tb_attachedmx` (
  `ATTACHEDMX_ID` varchar(100) NOT NULL,
  `NAME` varchar(255) DEFAULT NULL COMMENT '名称',
  `TITLE` varchar(255) DEFAULT NULL COMMENT '标题',
  `CTIME` varchar(32) DEFAULT NULL COMMENT '创建日期',
  `PRICE` double(11,2) DEFAULT NULL COMMENT '单价',
  `ATTACHED_ID` varchar(100) DEFAULT NULL,
  PRIMARY KEY (`ATTACHEDMX_ID`)
) ENGINE=InnoDB DEFAULT CHARSET=utf8;

/*Data for the table `tb_attachedmx` */

insert  into `tb_attachedmx`(`ATTACHEDMX_ID`,`NAME`,`TITLE`,`CTIME`,`PRICE`,`ATTACHED_ID`) values ('04717d1a034c4e51aacd5e062a4c63bd','ddd','ddd','2016-03-29',111.00,'d74b6f507e784607b8f85e31e3cfad22'),('7992c783fd0b476d90be363858a941ba','ddd','ddsds','2016-04-06',222.00,'d74b6f507e784607b8f85e31e3cfad22');

/*Table structure for table `tb_pictures` */

DROP TABLE IF EXISTS `tb_pictures`;

CREATE TABLE `tb_pictures` (
  `PICTURES_ID` varchar(100) NOT NULL,
  `TITLE` varchar(255) DEFAULT NULL COMMENT '标题',
  `NAME` varchar(255) DEFAULT NULL COMMENT '文件名',
  `PATH` varchar(255) DEFAULT NULL COMMENT '路径',
  `CREATETIME` varchar(100) DEFAULT NULL COMMENT '创建时间',
  `MASTER_ID` varchar(255) DEFAULT NULL COMMENT '属于',
  `BZ` varchar(255) DEFAULT NULL COMMENT '备注',
  PRIMARY KEY (`PICTURES_ID`)
) ENGINE=InnoDB DEFAULT CHARSET=utf8;

/*Data for the table `tb_pictures` */

/*Table structure for table `test_user` */

DROP TABLE IF EXISTS `test_user`;

CREATE TABLE `test_user` (
  `id` varchar(64) NOT NULL,
  `username` varchar(64) DEFAULT NULL,
  `password` varchar(64) DEFAULT NULL,
  `sex` varchar(24) DEFAULT NULL,
  `age` int(3) DEFAULT NULL,
  `address` varchar(255) DEFAULT NULL,
  `tel` int(64) DEFAULT NULL,
  PRIMARY KEY (`id`)
) ENGINE=InnoDB DEFAULT CHARSET=utf8;

/*Data for the table `test_user` */

insert  into `test_user`(`id`,`username`,`password`,`sex`,`age`,`address`,`tel`) values ('20349950-24b5-412a-baa0-6a01c79b331f','admin9999','123456','男',20,'测试地址aaa',1234567),('24827aa4-695f-4ef8-bd12-ded1569dce37','aaaaaaaaaa','123456','男',20,'测试地址5555',1234567),('272bbcb5-abcc-446f-919c-2030cd0b8b80','admin7777','123456','男',20,'测试地址8888',1234567),('4d015dac-76e7-4ac4-9a8a-a01f67e68888','admin9999','123456','男',20,'测试地址9999',1234567),('660d77dc-bf08-46b5-83b3-28dc38e92d67','admin6666','123456','男',20,'测试地址6666',1234567),('7c437763-3106-40d1-afaf-4ddb38c55dc2','admin7777','123456','男',20,'测试地址7777',1234567),('8bba5999-0303-4e59-adfe-98f5a8f7d7c7','admin9999','123456','男',20,'测试地址aaa',1234567),('c641e032-eb59-40bf-b1c8-33db38a2f1ae','admin111','123456','男',20,'测试地址111',1234567),('cb3645fb-8204-4c08-99f8-8871d2552c7a','admin222','123456','男',20,'测试地址222',1234567),('d1eb8861-3c80-4875-a2de-f5304e901cc7','admin9999','123456','男',20,'测试地址aaa',1234567),('db8fb43d-01c4-4995-991d-642acc6a7d57','admin9999','123456','男',20,'测试地址aaa',1234567),('f0346e0f-aec0-4d86-8458-d62c00028728','admin3333','123456','男',20,'测试地址333',1234567);

/*Table structure for table `weixin_command` */

DROP TABLE IF EXISTS `weixin_command`;

CREATE TABLE `weixin_command` (
  `COMMAND_ID` varchar(100) NOT NULL,
  `KEYWORD` varchar(255) DEFAULT NULL COMMENT '关键词',
  `COMMANDCODE` varchar(255) DEFAULT NULL COMMENT '应用路径',
  `CREATETIME` varchar(255) DEFAULT NULL COMMENT '创建时间',
  `STATUS` int(1) NOT NULL COMMENT '状态',
  `BZ` varchar(255) DEFAULT NULL COMMENT '备注',
  PRIMARY KEY (`COMMAND_ID`)
) ENGINE=InnoDB DEFAULT CHARSET=utf8;

/*Data for the table `weixin_command` */

insert  into `weixin_command`(`COMMAND_ID`,`KEYWORD`,`COMMANDCODE`,`CREATETIME`,`STATUS`,`BZ`) values ('2636750f6978451b8330874c9be042c2','锁定服务器','rundll32.exe user32.dll,LockWorkStation','2015-05-10 21:25:06',1,'锁定计算机'),('46217c6d44354010823241ef484f7214','打开浏览器','C:/Program Files/Internet Explorer/iexplore.exe','2015-05-09 02:43:02',1,'打开浏览器操作'),('576adcecce504bf3bb34c6b4da79a177','关闭浏览器','taskkill /f /im iexplore.exe','2015-05-09 02:36:48',2,'关闭浏览器操作'),('854a157c6d99499493f4cc303674c01f','关闭QQ','taskkill /f /im qq.exe','2015-05-10 21:25:46',1,'关闭QQ'),('ab3a8c6310ca4dc8b803ecc547e55ae7','打开QQ','D:/SOFT/QQ/QQ/Bin/qq.exe','2015-05-10 21:25:25',1,'打开QQ');

/*Table structure for table `weixin_imgmsg` */

DROP TABLE IF EXISTS `weixin_imgmsg`;

CREATE TABLE `weixin_imgmsg` (
  `IMGMSG_ID` varchar(100) NOT NULL,
  `KEYWORD` varchar(255) DEFAULT NULL COMMENT '关键词',
  `CREATETIME` varchar(100) DEFAULT NULL COMMENT '创建时间',
  `STATUS` int(11) NOT NULL COMMENT '状态',
  `BZ` varchar(255) DEFAULT NULL COMMENT '备注',
  `TITLE1` varchar(255) DEFAULT NULL COMMENT '标题1',
  `DESCRIPTION1` varchar(255) DEFAULT NULL COMMENT '描述1',
  `IMGURL1` varchar(255) DEFAULT NULL COMMENT '图片地址1',
  `TOURL1` varchar(255) DEFAULT NULL COMMENT '超链接1',
  `TITLE2` varchar(255) DEFAULT NULL COMMENT '标题2',
  `DESCRIPTION2` varchar(255) DEFAULT NULL COMMENT '描述2',
  `IMGURL2` varchar(255) DEFAULT NULL COMMENT '图片地址2',
  `TOURL2` varchar(255) DEFAULT NULL COMMENT '超链接2',
  `TITLE3` varchar(255) DEFAULT NULL COMMENT '标题3',
  `DESCRIPTION3` varchar(255) DEFAULT NULL COMMENT '描述3',
  `IMGURL3` varchar(255) DEFAULT NULL COMMENT '图片地址3',
  `TOURL3` varchar(255) DEFAULT NULL COMMENT '超链接3',
  `TITLE4` varchar(255) DEFAULT NULL COMMENT '标题4',
  `DESCRIPTION4` varchar(255) DEFAULT NULL COMMENT '描述4',
  `IMGURL4` varchar(255) DEFAULT NULL COMMENT '图片地址4',
  `TOURL4` varchar(255) DEFAULT NULL COMMENT '超链接4',
  `TITLE5` varchar(255) DEFAULT NULL COMMENT '标题5',
  `DESCRIPTION5` varchar(255) DEFAULT NULL COMMENT '描述5',
  `IMGURL5` varchar(255) DEFAULT NULL COMMENT '图片地址5',
  `TOURL5` varchar(255) DEFAULT NULL COMMENT '超链接5',
  `TITLE6` varchar(255) DEFAULT NULL COMMENT '标题6',
  `DESCRIPTION6` varchar(255) DEFAULT NULL COMMENT '描述6',
  `IMGURL6` varchar(255) DEFAULT NULL COMMENT '图片地址6',
  `TOURL6` varchar(255) DEFAULT NULL COMMENT '超链接6',
  `TITLE7` varchar(255) DEFAULT NULL COMMENT '标题7',
  `DESCRIPTION7` varchar(255) DEFAULT NULL COMMENT '描述7',
  `IMGURL7` varchar(255) DEFAULT NULL COMMENT '图片地址7',
  `TOURL7` varchar(255) DEFAULT NULL COMMENT '超链接7',
  `TITLE8` varchar(255) DEFAULT NULL COMMENT '标题8',
  `DESCRIPTION8` varchar(255) DEFAULT NULL COMMENT '描述8',
  `IMGURL8` varchar(255) DEFAULT NULL COMMENT '图片地址8',
  `TOURL8` varchar(255) DEFAULT NULL COMMENT '超链接8',
  PRIMARY KEY (`IMGMSG_ID`)
) ENGINE=InnoDB DEFAULT CHARSET=utf8;

/*Data for the table `weixin_imgmsg` */

insert  into `weixin_imgmsg`(`IMGMSG_ID`,`KEYWORD`,`CREATETIME`,`STATUS`,`BZ`,`TITLE1`,`DESCRIPTION1`,`IMGURL1`,`TOURL1`,`TITLE2`,`DESCRIPTION2`,`IMGURL2`,`TOURL2`,`TITLE3`,`DESCRIPTION3`,`IMGURL3`,`TOURL3`,`TITLE4`,`DESCRIPTION4`,`IMGURL4`,`TOURL4`,`TITLE5`,`DESCRIPTION5`,`IMGURL5`,`TOURL5`,`TITLE6`,`DESCRIPTION6`,`IMGURL6`,`TOURL6`,`TITLE7`,`DESCRIPTION7`,`IMGURL7`,`TOURL7`,`TITLE8`,`DESCRIPTION8`,`IMGURL8`,`TOURL8`) values ('380b2cb1f4954315b0e20618f7b5bd8f','首页','2015-05-10 20:51:09',1,'图文回复','图文回复标题','图文回复描述','http://a.hiphotos.baidu.com/image/h%3D360/sign=c6c7e73ebc389b5027ffe654b535e5f1/a686c9177f3e6709392bb8df3ec79f3df8dc55e3.jpg','www.baidu.com','','','','','','','','','','','','','','','','','','','','','','','','','','','','');

/*Table structure for table `weixin_textmsg` */

DROP TABLE IF EXISTS `weixin_textmsg`;

CREATE TABLE `weixin_textmsg` (
  `TEXTMSG_ID` varchar(100) NOT NULL,
  `KEYWORD` varchar(255) DEFAULT NULL COMMENT '关键词',
  `CONTENT` varchar(255) DEFAULT NULL COMMENT '内容',
  `CREATETIME` varchar(100) DEFAULT NULL COMMENT '创建时间',
  `STATUS` int(2) DEFAULT NULL COMMENT '状态',
  `BZ` varchar(255) DEFAULT NULL COMMENT '备注',
  PRIMARY KEY (`TEXTMSG_ID`)
) ENGINE=InnoDB DEFAULT CHARSET=utf8;

/*Data for the table `weixin_textmsg` */

insert  into `weixin_textmsg`(`TEXTMSG_ID`,`KEYWORD`,`CONTENT`,`CREATETIME`,`STATUS`,`BZ`) values ('695cd74779734231928a253107ab0eeb','吃饭','吃了噢噢噢噢','2015-05-10 22:52:27',1,'文本回复'),('d4738af7aea74a6ca1a5fb25a98f9acb','关注','这里是关注后回复的内容','2015-05-11 02:12:36',1,'关注回复');

/*Table structure for table `wms_attachment` */

DROP TABLE IF EXISTS `wms_attachment`;

CREATE TABLE `wms_attachment` (
  `id` varchar(50) NOT NULL,
  `created` datetime DEFAULT NULL,
  `modified` datetime DEFAULT NULL,
  `content_type` varchar(255) DEFAULT NULL,
  `date_created` datetime DEFAULT NULL,
  `last_updated` datetime DEFAULT NULL,
  `name` varchar(255) DEFAULT NULL,
  `new_filename` varchar(255) DEFAULT NULL,
  `new_briefname` varchar(255) DEFAULT NULL,
  `size_` bigint(20) DEFAULT NULL,
  `thumbnail_filename` varchar(255) DEFAULT NULL,
  `thumbnail_size` bigint(20) DEFAULT NULL,
  PRIMARY KEY (`id`)
) ENGINE=InnoDB DEFAULT CHARSET=utf8;

/*Data for the table `wms_attachment` */

/*Table structure for table `wms_brand` */

DROP TABLE IF EXISTS `wms_brand`;

CREATE TABLE `wms_brand` (
  `brandId` varchar(255) NOT NULL COMMENT '品牌主键',
  `brandcode` varchar(255) DEFAULT NULL COMMENT '品牌编码',
  `brandname` varchar(255) DEFAULT NULL COMMENT '品牌',
  `brandEname` varchar(255) DEFAULT NULL COMMENT '品牌外文名称',
  `remark` varchar(255) DEFAULT NULL COMMENT '备注',
  `createuser` varchar(255) DEFAULT NULL COMMENT '创建者',
  `createtime` timestamp NOT NULL DEFAULT CURRENT_TIMESTAMP ON UPDATE CURRENT_TIMESTAMP COMMENT '创建时间',
  `updateuser` varchar(255) DEFAULT NULL COMMENT '修改者',
  `updatetime` timestamp NOT NULL DEFAULT '0000-00-00 00:00:00' COMMENT '修改时间',
  PRIMARY KEY (`brandId`)
) ENGINE=InnoDB DEFAULT CHARSET=utf8;

/*Data for the table `wms_brand` */

insert  into `wms_brand`(`brandId`,`brandcode`,`brandname`,`brandEname`,`remark`,`createuser`,`createtime`,`updateuser`,`updatetime`) values ('0ce3a6a78eff442bb042d1a9d31a5459','11','111','111','111','admin','2017-04-04 10:41:29','admin','2017-04-04 10:41:29');

/*Table structure for table `wms_carton` */

DROP TABLE IF EXISTS `wms_carton`;

CREATE TABLE `wms_carton` (
  `cartonID` varchar(255) NOT NULL COMMENT '主键',
  `cartontype` varchar(255) DEFAULT NULL COMMENT '纸箱型号',
  `cartonname` varchar(255) DEFAULT NULL COMMENT '纸箱名称',
  `length` varchar(255) DEFAULT NULL COMMENT '长',
  `width` varchar(255) DEFAULT NULL COMMENT '宽',
  `high` varchar(255) DEFAULT NULL COMMENT '高',
  `volume` varchar(255) DEFAULT NULL COMMENT '体积',
  `price` varchar(255) DEFAULT NULL COMMENT '价格',
  `weight` varchar(255) DEFAULT NULL COMMENT '重量',
  `createuser` varchar(255) DEFAULT NULL,
  `createtime` timestamp NOT NULL DEFAULT CURRENT_TIMESTAMP ON UPDATE CURRENT_TIMESTAMP,
  `updateuser` varchar(255) DEFAULT NULL,
  `updatetime` timestamp NOT NULL DEFAULT '0000-00-00 00:00:00',
  PRIMARY KEY (`cartonID`)
) ENGINE=InnoDB DEFAULT CHARSET=utf8;

/*Data for the table `wms_carton` */

insert  into `wms_carton`(`cartonID`,`cartontype`,`cartonname`,`length`,`width`,`high`,`volume`,`price`,`weight`,`createuser`,`createtime`,`updateuser`,`updatetime`) values ('d5096dd2cf9c4238a7f83acb949da434','111','11','111','11','11','111','111','111','admin','2017-04-04 10:41:38','admin','2017-04-04 10:41:38');

/*Table structure for table `wms_country` */

DROP TABLE IF EXISTS `wms_country`;

CREATE TABLE `wms_country` (
  `COUNTRY_ID` varchar(100) NOT NULL,
  `COUN_CODE` varchar(20) DEFAULT NULL COMMENT '编号',
  `COUN_C_NAME` varchar(20) DEFAULT NULL COMMENT '中文名称',
  `COUN_E_NAME` varchar(50) DEFAULT NULL COMMENT '英文名称',
  `REMARK` varchar(250) DEFAULT NULL COMMENT '备注',
  PRIMARY KEY (`COUNTRY_ID`)
) ENGINE=InnoDB DEFAULT CHARSET=utf8;

/*Data for the table `wms_country` */

insert  into `wms_country`(`COUNTRY_ID`,`COUN_CODE`,`COUN_C_NAME`,`COUN_E_NAME`,`REMARK`) values ('335c5c5e2e754b778584e5d5599b48bf','CN','中国','CHINA','');

/*Table structure for table `wms_customs` */

DROP TABLE IF EXISTS `wms_customs`;

CREATE TABLE `wms_customs` (
  `customsID` varchar(255) NOT NULL COMMENT '主键',
  `customscode` varchar(255) DEFAULT NULL COMMENT '海关编码',
  `customsname` varchar(255) DEFAULT NULL COMMENT '海关编码名称',
  `rates` varchar(255) DEFAULT NULL COMMENT '税率',
  `remark` varchar(255) DEFAULT NULL COMMENT '备注',
  `createuser` varchar(255) DEFAULT NULL,
  `createtime` timestamp NOT NULL DEFAULT CURRENT_TIMESTAMP ON UPDATE CURRENT_TIMESTAMP,
  `updateuser` varchar(255) DEFAULT NULL,
  `updatetime` timestamp NOT NULL DEFAULT '0000-00-00 00:00:00',
  PRIMARY KEY (`customsID`)
) ENGINE=InnoDB DEFAULT CHARSET=utf8;

/*Data for the table `wms_customs` */

insert  into `wms_customs`(`customsID`,`customscode`,`customsname`,`rates`,`remark`,`createuser`,`createtime`,`updateuser`,`updatetime`) values ('79227d0ab5864d6a950cab778b6f7aa0','111','111','111','111','admin','2017-04-04 10:41:45','admin','2017-04-04 10:41:45');

/*Table structure for table `wms_inventorylocation` */

DROP TABLE IF EXISTS `wms_inventorylocation`;

CREATE TABLE `wms_inventorylocation` (
  `INVENTORYLOCATION_ID` varchar(100) NOT NULL,
  `GOODS_NAME` varchar(60) DEFAULT NULL COMMENT '商品名称',
  `GOODS_UPC` varchar(20) NOT NULL COMMENT '条码',
  `LOCATION` varchar(20) DEFAULT NULL COMMENT '库位',
  `REMARKS_1` varchar(255) DEFAULT NULL COMMENT '备注1',
  `REMARKS_2` varchar(255) DEFAULT NULL COMMENT '备注2',
  PRIMARY KEY (`INVENTORYLOCATION_ID`)
) ENGINE=InnoDB DEFAULT CHARSET=utf8;

/*Data for the table `wms_inventorylocation` */

insert  into `wms_inventorylocation`(`INVENTORYLOCATION_ID`,`GOODS_NAME`,`GOODS_UPC`,`LOCATION`,`REMARKS_1`,`REMARKS_2`) values ('02705c3464ed4fe897df2e3df877c302','测试','123456','A1','','1'),('49ca531f64ba443bbba334b4d5599734','test4','99999','A5','',NULL),('c881babe01ff4a8da017aa0c69ad6988','test2','2324243','A2','',''),('d63da0d0cc164516bf3107e1c0fb30e8','test3','8888','A3','','');

/*Table structure for table `wms_luggagemail` */

DROP TABLE IF EXISTS `wms_luggagemail`;

CREATE TABLE `wms_luggagemail` (
  `luggagemailID` varchar(255) NOT NULL COMMENT '主键',
  `luggagemailcode` varchar(255) DEFAULT NULL COMMENT '行邮税号',
  `luggagemailName` varchar(255) DEFAULT NULL COMMENT '行邮分类名称',
  `unit` varchar(255) DEFAULT NULL COMMENT '单位',
  `dutiable` double DEFAULT NULL COMMENT '完税价格',
  `rates` varchar(255) DEFAULT NULL COMMENT '税率',
  `remark` varchar(255) DEFAULT NULL COMMENT '备注',
  `createuser` varchar(255) DEFAULT NULL,
  `createtime` timestamp NOT NULL DEFAULT CURRENT_TIMESTAMP ON UPDATE CURRENT_TIMESTAMP,
  `updateuser` varchar(255) DEFAULT NULL,
  `updatetime` timestamp NOT NULL DEFAULT '0000-00-00 00:00:00',
  PRIMARY KEY (`luggagemailID`)
) ENGINE=InnoDB DEFAULT CHARSET=utf8;

/*Data for the table `wms_luggagemail` */

insert  into `wms_luggagemail`(`luggagemailID`,`luggagemailcode`,`luggagemailName`,`unit`,`dutiable`,`rates`,`remark`,`createuser`,`createtime`,`updateuser`,`updatetime`) values ('e58c8b544da843d4903b20ef2e692596','111','11','qweqwa',22,'11','wq','admin','2017-04-08 15:05:14','admin','2017-04-04 10:41:51');

/*Table structure for table `wms_packagetype` */

DROP TABLE IF EXISTS `wms_packagetype`;

CREATE TABLE `wms_packagetype` (
  `packageId` varchar(255) NOT NULL COMMENT '主键',
  `packagetype` varchar(255) DEFAULT NULL COMMENT '包装类型编号',
  `packagename` varchar(255) DEFAULT NULL COMMENT '包装类型名称',
  `price` varchar(255) DEFAULT NULL COMMENT '价格',
  `remark` varchar(255) DEFAULT NULL COMMENT '备注',
  `createuser` varchar(255) DEFAULT NULL,
  `createtime` timestamp NOT NULL DEFAULT CURRENT_TIMESTAMP ON UPDATE CURRENT_TIMESTAMP,
  `updateuser` varchar(255) DEFAULT NULL,
  `updatetime` timestamp NOT NULL DEFAULT '0000-00-00 00:00:00',
  PRIMARY KEY (`packageId`)
) ENGINE=InnoDB DEFAULT CHARSET=utf8;

/*Data for the table `wms_packagetype` */

insert  into `wms_packagetype`(`packageId`,`packagetype`,`packagename`,`price`,`remark`,`createuser`,`createtime`,`updateuser`,`updatetime`) values ('024534db0e754718a8ade943e69e6aed','111','111','111','111','admin','2017-04-04 10:41:58','admin','2017-04-04 10:41:58');

/*Table structure for table `wms_product` */

DROP TABLE IF EXISTS `wms_product`;

CREATE TABLE `wms_product` (
  `product_id` varchar(64) NOT NULL COMMENT '主键',
  `image` varchar(255) DEFAULT NULL COMMENT '主图',
  `productNum` varchar(255) DEFAULT NULL COMMENT '货号',
  `productName` varchar(255) DEFAULT NULL COMMENT '商品名称',
  `productEName` varchar(255) DEFAULT NULL COMMENT '商品外文名称',
  `barCode_main` varchar(255) DEFAULT NULL COMMENT '主条码',
  `barCode_auxiliary1` varchar(255) DEFAULT NULL COMMENT '辅助条码1',
  `barCode_auxiliary2` varchar(255) DEFAULT NULL COMMENT '辅助条码2',
  `barCode_auxiliary3` varchar(255) DEFAULT NULL COMMENT '辅助条码3',
  `barCode_auxiliary4` varchar(255) DEFAULT NULL COMMENT '辅助条码4',
  `brandName` varchar(255) DEFAULT NULL COMMENT '品牌',
  `unit` varchar(64) DEFAULT NULL COMMENT '单位',
  `standard` varchar(255) DEFAULT NULL COMMENT '规格',
  `producing_area` varchar(255) DEFAULT NULL COMMENT '产地',
  `expiration_date` varchar(255) DEFAULT NULL COMMENT '保质期（天）',
  `Declare_price` double(16,2) DEFAULT NULL COMMENT '申报价(元)',
  `retail_price` double(16,2) DEFAULT NULL COMMENT '零售参考价(元)',
  `Gross_weight` double(16,2) DEFAULT NULL COMMENT '毛重(g)',
  `net_weight` double(16,2) DEFAULT NULL COMMENT '净重(g)',
  `product_length` double(16,2) DEFAULT NULL COMMENT '长(cm)',
  `product_width` double(16,2) DEFAULT NULL COMMENT '宽(cm)',
  `product_high` double(16,2) DEFAULT NULL COMMENT '高(cm)',
  `product_volume` double(16,2) DEFAULT NULL COMMENT '体积(cm³）',
  `CrossBorder_CourierFee` double(16,2) DEFAULT NULL COMMENT '跨境速递费',
  `customsCode` varchar(255) DEFAULT NULL COMMENT '海关编码',
  `luggageMail` varchar(255) DEFAULT NULL COMMENT '行邮分类',
  `CartonTypeA` varchar(255) DEFAULT NULL COMMENT '默认纸箱型号A',
  `CartonTypeANum` int(30) DEFAULT NULL COMMENT '可打包数量A',
  `CartonTypeB` varchar(255) DEFAULT NULL COMMENT '默认纸箱型号B',
  `CartonTypeBNum` int(30) DEFAULT NULL COMMENT '可打包数量B',
  `defaultPackage` varchar(255) DEFAULT NULL COMMENT '默认包装类型',
  `remark_1` varchar(255) DEFAULT NULL COMMENT '备注',
  `remark_2` varchar(255) DEFAULT NULL COMMENT '备注2',
  `remark_3` varchar(255) DEFAULT NULL COMMENT '备注3',
  `audit_status` int(2) DEFAULT NULL COMMENT '审核状态（1/0）',
  `block_status` int(2) DEFAULT NULL COMMENT '停用状态（1/0）',
  `createUser` varchar(255) DEFAULT NULL COMMENT '创建者',
  `createTime` timestamp NOT NULL DEFAULT CURRENT_TIMESTAMP ON UPDATE CURRENT_TIMESTAMP COMMENT '创建时间\r\n',
  `updateUser` varchar(255) DEFAULT NULL COMMENT '修改者\r\n',
  `updateTime` timestamp NOT NULL DEFAULT '0000-00-00 00:00:00' COMMENT '修改时间\r\n',
  PRIMARY KEY (`product_id`)
) ENGINE=InnoDB DEFAULT CHARSET=utf8;

/*Data for the table `wms_product` */

insert  into `wms_product`(`product_id`,`image`,`productNum`,`productName`,`productEName`,`barCode_main`,`barCode_auxiliary1`,`barCode_auxiliary2`,`barCode_auxiliary3`,`barCode_auxiliary4`,`brandName`,`unit`,`standard`,`producing_area`,`expiration_date`,`Declare_price`,`retail_price`,`Gross_weight`,`net_weight`,`product_length`,`product_width`,`product_high`,`product_volume`,`CrossBorder_CourierFee`,`customsCode`,`luggageMail`,`CartonTypeA`,`CartonTypeANum`,`CartonTypeB`,`CartonTypeBNum`,`defaultPackage`,`remark_1`,`remark_2`,`remark_3`,`audit_status`,`block_status`,`createUser`,`createTime`,`updateUser`,`updateTime`) values ('814dedc07d074c6a8b48f5336589046b','/GWMS/upload/product_ca1d800053f44c3996770aedd553fe2e.gif','111wsad','dsada','asdsa','21321','312ewq','12321','12312','eqwe21','0ce3a6a78eff442bb042d1a9d31a5459','213213','23213','335c5c5e2e754b778584e5d5599b48bf','213',12321.00,3123.00,12312.00,123.00,1321.00,21321.00,3213.00,123213.00,3112.00,'79227d0ab5864d6a950cab778b6f7aa0','e58c8b544da843d4903b20ef2e692596','d5096dd2cf9c4238a7f83acb949da434',213,'d5096dd2cf9c4238a7f83acb949da434',213,'024534db0e754718a8ade943e69e6aed','213213','21321','21321',1,0,'admin','2017-04-08 17:17:53','admin','2017-04-06 13:43:18'),('9fb3348eef474b0ca9b8693a115f38cf',NULL,'111sadsa','asdsa','sadsad','d123243','','','','','0ce3a6a78eff442bb042d1a9d31a5459','sad','sad','335c5c5e2e754b778584e5d5599b48bf',NULL,NULL,NULL,0.00,0.00,0.00,0.00,0.00,0.00,NULL,NULL,NULL,NULL,NULL,NULL,NULL,NULL,NULL,NULL,NULL,1,0,'admin','2017-04-08 17:17:54','admin','2017-04-06 22:52:16'),('a52e5b6eb18d4a95bc96b08f532c9a39',NULL,'sadas11111111111','12321321','11','11','2','3','4','5','0ce3a6a78eff442bb042d1a9d31a5459','11','111','335c5c5e2e754b778584e5d5599b48bf','11',11.00,0.01,0.01,0.01,1.00,1.00,1.00,1.00,1.00,'79227d0ab5864d6a950cab778b6f7aa0','e58c8b544da843d4903b20ef2e692596','d5096dd2cf9c4238a7f83acb949da434',1,'d5096dd2cf9c4238a7f83acb949da434',1,'024534db0e754718a8ade943e69e6aed','1','1','1',0,0,'admin','2017-04-08 17:17:54','admin','2017-04-03 21:20:48'),('b045734c37db4e9db355a19c192dae95','','11111111','1111','','','','','','','0ce3a6a78eff442bb042d1a9d31a5459','','','335c5c5e2e754b778584e5d5599b48bf','',0.00,0.00,0.00,0.00,0.00,0.00,0.00,0.00,0.00,'79227d0ab5864d6a950cab778b6f7aa0','e58c8b544da843d4903b20ef2e692596','d5096dd2cf9c4238a7f83acb949da434',0,'d5096dd2cf9c4238a7f83acb949da434',0,'024534db0e754718a8ade943e69e6aed','','','sadsa',0,0,'admin','2017-04-08 17:17:55','admin','2017-04-06 13:43:43'),('bef4367de1e5407ca4269f527b6c202d',NULL,'222','222','222','2222','334','wdas','344','555','0ce3a6a78eff442bb042d1a9d31a5459','aaasdd','222','335c5c5e2e754b778584e5d5599b48bf','3455',NULL,NULL,66.00,66.00,66.00,66.00,66.00,66.00,NULL,NULL,NULL,NULL,NULL,NULL,NULL,NULL,'12355',NULL,NULL,0,0,'admin','2017-04-08 17:17:56','admin','2017-04-06 22:52:16'),('d0e228725efc4fefadc3ed86edf4810a','','1','1','1','1','1','1','1','1','0ce3a6a78eff442bb042d1a9d31a5459','1','1','335c5c5e2e754b778584e5d5599b48bf','1',1.00,1.00,1.00,1.00,1.00,1.00,11.00,1.00,1.00,'79227d0ab5864d6a950cab778b6f7aa0','e58c8b544da843d4903b20ef2e692596','d5096dd2cf9c4238a7f83acb949da434',1,'d5096dd2cf9c4238a7f83acb949da434',1,'024534db0e754718a8ade943e69e6aed','1','1','1',1,0,'admin','2017-04-08 17:17:56','admin','2017-04-06 13:43:35'),('d4f31a1997364c47997dd959575584a8',NULL,'11','1111','111','111','111','11','11','11','0ce3a6a78eff442bb042d1a9d31a5459','11','11','335c5c5e2e754b778584e5d5599b48bf','11111',111.00,111.00,8.00,0.11,11111.00,111.00,111.00,111.00,111.00,'79227d0ab5864d6a950cab778b6f7aa0','e58c8b544da843d4903b20ef2e692596','d5096dd2cf9c4238a7f83acb949da434',11,'d5096dd2cf9c4238a7f83acb949da434',11,'024534db0e754718a8ade943e69e6aed','111','11','111',1,0,'admin','2017-04-08 17:17:59','admin','2017-04-05 16:13:59');

/*!40101 SET SQL_MODE=@OLD_SQL_MODE */;
/*!40014 SET FOREIGN_KEY_CHECKS=@OLD_FOREIGN_KEY_CHECKS */;
/*!40014 SET UNIQUE_CHECKS=@OLD_UNIQUE_CHECKS */;
/*!40111 SET SQL_NOTES=@OLD_SQL_NOTES */;
